id,base_id,pattern,region_code,region,title,instrument,song_type,main_theme,support_theme,premise,lyrics,file
113110,11311,theme,0,,砂の手紙,フレームドラム,ワルツ,砂嵐,星霊,"砂時計を直す若い職人が、待つだけだった自分の時間を動かそうとする。
地域要素は指定しません。登場人物や出来事の小さな一場面を中心にしてください。",われた　すなどけい / そっと　ひらく / てのひらで　あたためる / こまかな　きずまで /  / わたしの　しごと / さらさら　こぼれても / まだ　おわりじゃない / ちいさな　あしたを / このてで　なおす /  / まどべの　かぜが / ページを　めくる / つぎの　ひかりへ / こえを　つなぐ,public/prompts/vocal/113110_砂の手紙.txt
113120,11312,theme,0,,泥花の帰り道,フレームドラム,ワルツ,凱旋,星霊,"帰還兵の靴を磨く少年が、泥の下から小さな花びらを見つける。
地域要素は指定しません。登場人物や出来事の小さな一場面を中心にしてください。",どろの　はなびら / ゆびで　たしかめる / かがみに　うつらない / わたしの　かおだけ /  / うたに　のこした / ねむった　ほんから / ふるい　こえが / わたしの　うたへ / すこし　まざる /  / ふるい　まどから / かぜが　はいって / きのうの　ほこりを / そっと　はらう,public/prompts/vocal/113120_泥花の帰り道.txt
113130,11313,theme,0,,白紙に咲く声,フレームドラム,ワルツ,王国,星霊,"透明なインクで手紙を書こうとして失敗した見習いが、白紙を歌に変える。
地域要素は指定しません。登場人物や出来事の小さな一場面を中心にしてください。",まっしろな　てがみ / まだ　しまわない / しらない　ひとの / ちいさな　ために /  / はなを　ならべた / みえない　きもちを / しろい　かみに / かけない　かわりに / うたへ　かえる /  / ぬれた　ゆびさき / かわく　ころには / ことばの　かわりに / うたが　のこる,public/prompts/vocal/113130_白紙に咲く声.txt
114110,11411,theme,0,,鳴らない鐘,フレームドラム,タンゴ,砂嵐,星霊,"祝祭の日に鐘を鳴らさない鐘守が、沈黙で誰かを守ろうとする。
地域要素は指定しません。登場人物や出来事の小さな一場面を中心にしてください。",ならない　かね / こえに　かえる / しずかな　ろうそく / けさない　ままで /  / まどを　みていた / さけた　はたでも / まだ　かぜを　うける / だれも　いわない / つよさを　ぬう /  / よるが　きても / まだ　きこえる / あしたの　ほうへ / あるく　おと,public/prompts/vocal/114110_鳴らない鐘.txt
114120,11412,theme,0,,空袋の約束,フレームドラム,タンゴ,凱旋,星霊,"水売りの少女が、空になった水袋を捨てられず、約束の形として持ち歩く。
地域要素は指定しません。登場人物や出来事の小さな一場面を中心にしてください。",からの　みずぶくろ / かぜへ　にがす / うみの　むこうへ / いかせない　ひを /  / ひとばん　かくした / からっぽ　だから / すこし　かるくなる / あしたの　みずなら / まだ　さがせる /  / ちいさな　しるしを / なくさないように / むねの　ちかくへ / そっと　しまう,public/prompts/vocal/114120_空袋の約束.txt
114130,11413,theme,0,,仮面のあと,フレームドラム,タンゴ,王国,星霊,"閉店後の仮面屋で、売れ残った仮面だけが本当の顔を知っている。
地域要素は指定しません。登場人物や出来事の小さな一場面を中心にしてください。",うれのこりの　かめん / むねに　のこす / くつの　すみに　のこる / ちいさな　いろだけ /  / だれにも　いわない / ちずには　ないけど / この　おりめだけ / わたしの　あしを / まえへ　うながす /  / だれかの　ためだけ / では　もう　なくて / わたしの　なかで / うたが　はじまる,public/prompts/vocal/114130_仮面のあと.txt
115110,11511,theme,0,,嘘の道しるべ,フレームドラム,ノクターン,砂嵐,薔薇,"迷宮案内人が、依頼人を危険から遠ざけるために一度だけ道を偽る。
地域要素は指定しません。登場人物や出来事の小さな一場面を中心にしてください。",まちがえた　みちしるべ / そっと　ひらく / まよわない　ふりで / ひだりへ　まがる /  / きみを　まもるため / うその　みちでも / こわくは　ないよ / きみが　かえるまで / あかりを　もつ /  / まどべの　かぜが / ページを　めくる / つぎの　ひかりへ / こえを　つなぐ,public/prompts/vocal/115110_嘘の道しるべ.txt
115120,11512,theme,0,,眠る本のつづき,フレームドラム,ノクターン,凱旋,薔薇,"禁書庫の番人が、読んだことのない本の続きを眠りながら口ずさむ。
地域要素は指定しません。登場人物や出来事の小さな一場面を中心にしてください。",ねむる　ほんのすみ / ゆびで　たしかめる / ひばちの　そばで / ただしい　おりめ /  / ゆびが　おぼえる / よごれた　はなでも / かえりみちに　さく / なくした　こえまで / やさしく　ひろう /  / ふるい　まどから / かぜが　はいって / きのうの　ほこりを / そっと　はらう,public/prompts/vocal/115120_眠る本のつづき.txt
115130,11513,theme,0,,灯を消す夜,フレームドラム,ノクターン,王国,薔薇,"灯台守が一晩だけ灯を消し、帰ってはいけない船を遠ざける。
地域要素は指定しません。登場人物や出来事の小さな一場面を中心にしてください。",けした　とうだいび / まだ　しまわない / かわいた　ふくろを / むねに　しまって /  / すこし　あるいた / けした　あかりが / だれかを　すくうなら / くらい　うみでも / こわくは　ない /  / ぬれた　ゆびさき / かわく　ころには / ことばの　かわりに / うたが　のこる,public/prompts/vocal/115130_灯を消す夜.txt
116110,11611,theme,0,,裂けた旗,フレームドラム,チャント,砂嵐,薔薇,"負けた日のことを語らない老婆が、裂けた旗を縫い続ける。
地域要素は指定しません。登場人物や出来事の小さな一場面を中心にしてください。",さけた　はたのはし / こえに　かえる / ぬいめの　したには / まけた　ひの　かぜ /  / まだ　のこってる / ならない　かねにも / まもれる　ものがある / しずけさの　なかで / ひとり　うなずく /  / よるが　きても / まだ　きこえる / あしたの　ほうへ / あるく　おと,public/prompts/vocal/116110_裂けた旗.txt
116120,11612,theme,0,,名のない葬列,フレームドラム,チャント,凱旋,薔薇,"知らない旅人のため、村人が覚えやすい小さな歌だけを贈る。
地域要素は指定しません。登場人物や出来事の小さな一場面を中心にしてください。",なもない　れつのあと / かぜへ　にがす / インクつぼの　そこを / そっと　のぞいた /  / かけない　ことば / なまえを　しらずに / いのりを　おくる / みじかい　うたなら / とどく　きがした /  / ちいさな　しるしを / なくさないように / むねの　ちかくへ / そっと　しまう,public/prompts/vocal/116120_名のない葬列.txt
116130,11613,theme,0,,折り目の地図,フレームドラム,チャント,王国,薔薇,"火鉢のそばに置かれた古地図の折り目だけが、正しい道を示す。
地域要素は指定しません。登場人物や出来事の小さな一場面を中心にしてください。",おりめの　ちず / むねに　のこす / ページの　あいだで / ねむった　こえが /  / ふいに　めをさます / はずした　かめんを / たなに　もどして / ほんとの　かおへ / かぜを　いれる /  / だれかの　ためだけ / では　もう　なくて / わたしの　なかで / うたが　はじまる,public/prompts/vocal/116130_折り目の地図.txt
123110,12311,theme,0,,茶器の午後,ダラブッカ,ワルツ,砂嵐,星霊,"没落した令嬢が、誰も来ない応接間で毎日同じ茶器を並べる。
地域要素は指定しません。登場人物や出来事の小さな一場面を中心にしてください。",ちゃきの　かげ / そっと　ひらく / てのひらで　あたためる / こまかな　きずまで /  / わたしの　しごと / さらさら　こぼれても / まだ　おわりじゃない / ちいさな　あしたを / このてで　なおす /  / まどべの　かぜが / ページを　めくる / つぎの　ひかりへ / こえを　つなぐ,public/prompts/vocal/123110_茶器の午後.txt
123120,12312,theme,0,,果実の祈り,ダラブッカ,ワルツ,凱旋,星霊,"湿った墓標の前に、誰かが毎朝新しい果実を置いていく。
地域要素は指定しません。登場人物や出来事の小さな一場面を中心にしてください。",くだものの　におい / ゆびで　たしかめる / かがみに　うつらない / わたしの　かおだけ /  / うたに　のこした / ねむった　ほんから / ふるい　こえが / わたしの　うたへ / すこし　まざる /  / ふるい　まどから / かぜが　はいって / きのうの　ほこりを / そっと　はらう,public/prompts/vocal/123120_果実の祈り.txt
123130,12313,theme,0,,砂を掃く人,ダラブッカ,ワルツ,王国,星霊,"歓声が消えた後、清掃係だけが砂に残った涙の跡を見る。
地域要素は指定しません。登場人物や出来事の小さな一場面を中心にしてください。",はいた　すなのあと / まだ　しまわない / しらない　ひとの / ちいさな　ために /  / はなを　ならべた / みえない　きもちを / しろい　かみに / かけない　かわりに / うたへ　かえる /  / ぬれた　ゆびさき / かわく　ころには / ことばの　かわりに / うたが　のこる,public/prompts/vocal/123130_砂を掃く人.txt
124110,12411,theme,0,,水車の名前,ダラブッカ,タンゴ,砂嵐,星霊,"夜に止まる水車のそばで、薬師が言えなかった名前を飲み込む。
地域要素は指定しません。登場人物や出来事の小さな一場面を中心にしてください。",とまる　すいしゃ / こえに　かえる / しずかな　ろうそく / けさない　ままで /  / まどを　みていた / さけた　はたでも / まだ　かぜを　うける / だれも　いわない / つよさを　ぬう /  / よるが　きても / まだ　きこえる / あしたの　ほうへ / あるく　おと,public/prompts/vocal/124110_水車の名前.txt
124120,12412,theme,0,,雨樋の銀貨,ダラブッカ,タンゴ,凱旋,星霊,"拾えない銀貨に、子供が小さな幸運を願う。
地域要素は指定しません。登場人物や出来事の小さな一場面を中心にしてください。",あまどいの　ぎんか / かぜへ　にがす / うみの　むこうへ / いかせない　ひを /  / ひとばん　かくした / からっぽ　だから / すこし　かるくなる / あしたの　みずなら / まだ　さがせる /  / ちいさな　しるしを / なくさないように / むねの　ちかくへ / そっと　しまう,public/prompts/vocal/124120_雨樋の銀貨.txt
124130,12413,theme,0,,赤い外套,ダラブッカ,タンゴ,王国,星霊,"森番に借りた外套が、持ち主より先に獣道を覚えている。
地域要素は指定しません。登場人物や出来事の小さな一場面を中心にしてください。",あかい　がいとう / むねに　のこす / くつの　すみに　のこる / ちいさな　いろだけ /  / だれにも　いわない / ちずには　ないけど / この　おりめだけ / わたしの　あしを / まえへ　うながす /  / だれかの　ためだけ / では　もう　なくて / わたしの　なかで / うたが　はじまる,public/prompts/vocal/124130_赤い外套.txt
125110,12511,theme,0,,湯気の店,ダラブッカ,ノクターン,砂嵐,薔薇,"迷宮の奥にある小さな食堂で、店主が帰れない客のために湯気を絶やさない。
地域要素は指定しません。登場人物や出来事の小さな一場面を中心にしてください。",ゆげの　みせ / そっと　ひらく / まよわない　ふりで / ひだりへ　まがる /  / きみを　まもるため / うその　みちでも / こわくは　ないよ / きみが　かえるまで / あかりを　もつ /  / まどべの　かぜが / ページを　めくる / つぎの　ひかりへ / こえを　つなぐ,public/prompts/vocal/125110_湯気の店.txt
125120,12512,theme,0,,見えないインク,ダラブッカ,ノクターン,凱旋,薔薇,"透明インクに失敗した見習いが、白紙のまま本音を渡そうとする。
地域要素は指定しません。登場人物や出来事の小さな一場面を中心にしてください。",みえない　インク / ゆびで　たしかめる / ひばちの　そばで / ただしい　おりめ /  / ゆびが　おぼえる / よごれた　はなでも / かえりみちに　さく / なくした　こえまで / やさしく　ひろう /  / ふるい　まどから / かぜが　はいって / きのうの　ほこりを / そっと　はらう,public/prompts/vocal/125120_見えないインク.txt
125130,12513,theme,0,,濡れた詩集,ダラブッカ,ノクターン,王国,薔薇,"魚市場の隅で、誰も買わない詩集を毎朝乾かす少女がいる。
地域要素は指定しません。登場人物や出来事の小さな一場面を中心にしてください。",ぬれた　ししゅう / まだ　しまわない / かわいた　ふくろを / むねに　しまって /  / すこし　あるいた / けした　あかりが / だれかを　すくうなら / くらい　うみでも / こわくは　ない /  / ぬれた　ゆびさき / かわく　ころには / ことばの　かわりに / うたが　のこる,public/prompts/vocal/125130_濡れた詩集.txt
126110,12611,theme,0,,門番の子守唄,ダラブッカ,チャント,砂嵐,薔薇,"堅い門を守る兵士が、夜だけ誰にも聞こえない歌を口ずさむ。
地域要素は指定しません。登場人物や出来事の小さな一場面を中心にしてください。",もんばんの　こもりうた / こえに　かえる / ぬいめの　したには / まけた　ひの　かぜ /  / まだ　のこってる / ならない　かねにも / まもれる　ものがある / しずけさの　なかで / ひとり　うなずく /  / よるが　きても / まだ　きこえる / あしたの　ほうへ / あるく　おと,public/prompts/vocal/126110_門番の子守唄.txt
126120,12612,theme,0,,祈り箱の銀貨,ダラブッカ,チャント,凱旋,薔薇,"拾った銀貨を返す相手が分からず、少女が祈り箱へ入れる。
地域要素は指定しません。登場人物や出来事の小さな一場面を中心にしてください。",ぎんかの　いのりばこ / かぜへ　にがす / インクつぼの　そこを / そっと　のぞいた /  / かけない　ことば / なまえを　しらずに / いのりを　おくる / みじかい　うたなら / とどく　きがした /  / ちいさな　しるしを / なくさないように / むねの　ちかくへ / そっと　しまう,public/prompts/vocal/126120_祈り箱の銀貨.txt
126130,12613,theme,0,,割れた茶碗,ダラブッカ,チャント,王国,薔薇,"荒野の宿で割れた茶碗を、店主が捨てずに窓辺へ置く。
地域要素は指定しません。登場人物や出来事の小さな一場面を中心にしてください。",われた　ちゃわん / むねに　のこす / ページの　あいだで / ねむった　こえが /  / ふいに　めをさます / はずした　かめんを / たなに　もどして / ほんとの　かおへ / かぜを　いれる /  / だれかの　ためだけ / では　もう　なくて / わたしの　なかで / うたが　はじまる,public/prompts/vocal/126130_割れた茶碗.txt
211110,21111,theme,0,,空の額縁,ウード,マーチ,花園,星霊,"肖像画だけが外された額縁の前で、旅人が知らない貴族の名を聞く。
地域要素は指定しません。登場人物や出来事の小さな一場面を中心にしてください。",からの　がくぶち / そっと　ひらく / てのひらで　あたためる / こまかな　きずまで /  / わたしの　しごと / さらさら　こぼれても / まだ　おわりじゃない / ちいさな　あしたを / このてで　なおす /  / まどべの　かぜが / ページを　めくる / つぎの　ひかりへ / こえを　つなぐ,public/prompts/vocal/211110_空の額縁.txt
211120,21112,theme,0,,金色の鳥,ウード,マーチ,宮廷,星霊,"墓地遺構に迷い込んだ金色の鳥が、死者の名簿の上で眠る。
地域要素は指定しません。登場人物や出来事の小さな一場面を中心にしてください。",きんいろの　とり / ゆびで　たしかめる / かがみに　うつらない / わたしの　かおだけ /  / うたに　のこした / ねむった　ほんから / ふるい　こえが / わたしの　うたへ / すこし　まざる /  / ふるい　まどから / かぜが　はいって / きのうの　ほこりを / そっと　はらう,public/prompts/vocal/211120_金色の鳥.txt
211130,21113,theme,0,,冷えた果物,ウード,マーチ,祝祭,星霊,"勝者ではなく、負けた者にだけ冷えた果物を渡す店がある。
地域要素は指定しません。登場人物や出来事の小さな一場面を中心にしてください。",ひえた　くだもの / まだ　しまわない / しらない　ひとの / ちいさな　ために /  / はなを　ならべた / みえない　きもちを / しろい　かみに / かけない　かわりに / うたへ　かえる /  / ぬれた　ゆびさき / かわく　ころには / ことばの　かわりに / うたが　のこる,public/prompts/vocal/211130_冷えた果物.txt
212110,21211,theme,0,,借りた肩掛け,ウード,アンセム,花園,星霊,"雨宿りで借りた肩掛けを返せず、旅人が森の匂いを連れて帰る。
地域要素は指定しません。登場人物や出来事の小さな一場面を中心にしてください。",かりた　かたかけ / こえに　かえる / しずかな　ろうそく / けさない　ままで /  / まどを　みていた / さけた　はたでも / まだ　かぜを　うける / だれも　いわない / つよさを　ぬう /  / よるが　きても / まだ　きこえる / あしたの　ほうへ / あるく　おと,public/prompts/vocal/212110_借りた肩掛け.txt
212120,21212,theme,0,,焦げた鍋,ウード,アンセム,宮廷,星霊,"焦げた鍋を磨く料理番が、叱られた日の歌ほどよく覚えている。
地域要素は指定しません。登場人物や出来事の小さな一場面を中心にしてください。",こげた　なべ / かぜへ　にがす / うみの　むこうへ / いかせない　ひを /  / ひとばん　かくした / からっぽ　だから / すこし　かるくなる / あしたの　みずなら / まだ　さがせる /  / ちいさな　しるしを / なくさないように / むねの　ちかくへ / そっと　しまう,public/prompts/vocal/212120_焦げた鍋.txt
212130,21213,theme,0,,滝道の赤布,ウード,アンセム,祝祭,星霊,"滝道に干された赤い布が、獣に襲われた夜の目印になる。
地域要素は指定しません。登場人物や出来事の小さな一場面を中心にしてください。",たきみちの　あかぬの / むねに　のこす / くつの　すみに　のこる / ちいさな　いろだけ /  / だれにも　いわない / ちずには　ないけど / この　おりめだけ / わたしの　あしを / まえへ　うながす /  / だれかの　ためだけ / では　もう　なくて / わたしの　なかで / うたが　はじまる,public/prompts/vocal/212130_滝道の赤布.txt
215110,21511,theme,0,,花を編む老婆,ウード,ノクターン,花園,熱砂,"迷宮入口で花飾りを売る老婆が、戻らない客にも毎朝新しい花を編む。
地域要素は指定しません。登場人物や出来事の小さな一場面を中心にしてください。",あんだ　はなかざり / そっと　ひらく / まよわない　ふりで / ひだりへ　まがる /  / きみを　まもるため / うその　みちでも / こわくは　ないよ / きみが　かえるまで / あかりを　もつ /  / まどべの　かぜが / ページを　めくる / つぎの　ひかりへ / こえを　つなぐ,public/prompts/vocal/215110_花を編む老婆.txt
215120,21512,theme,0,,紙飛行機,ウード,ノクターン,宮廷,熱砂,"講義室では言えなかった夢を、塔の窓から逃げた紙飛行機が運ぶ。
地域要素は指定しません。登場人物や出来事の小さな一場面を中心にしてください。",かみひこうき / ゆびで　たしかめる / ひばちの　そばで / ただしい　おりめ /  / ゆびが　おぼえる / よごれた　はなでも / かえりみちに　さく / なくした　こえまで / やさしく　ひろう /  / ふるい　まどから / かぜが　はいって / きのうの　ほこりを / そっと　はらう,public/prompts/vocal/215120_紙飛行機.txt
215130,21513,theme,0,,灰色猫の桟橋,ウード,ノクターン,祝祭,熱砂,"桟橋で待つ灰色猫が、船乗りよりも先に嵐の匂いを知る。
地域要素は指定しません。登場人物や出来事の小さな一場面を中心にしてください。",はいろの　ねこ / まだ　しまわない / かわいた　ふくろを / むねに　しまって /  / すこし　あるいた / けした　あかりが / だれかを　すくうなら / くらい　うみでも / こわくは　ない /  / ぬれた　ゆびさき / かわく　ころには / ことばの　かわりに / うたが　のこる,public/prompts/vocal/215130_灰色猫の桟橋.txt
216110,21611,theme,0,,古い盾,ウード,チャント,花園,熱砂,"古い盾を磨く少年が、傷の数だけ知らない物語を想像する。
地域要素は指定しません。登場人物や出来事の小さな一場面を中心にしてください。",ふるい　たて / こえに　かえる / ぬいめの　したには / まけた　ひの　かぜ /  / まだ　のこってる / ならない　かねにも / まもれる　ものがある / しずけさの　なかで / ひとり　うなずく /  / よるが　きても / まだ　きこえる / あしたの　ほうへ / あるく　おと,public/prompts/vocal/216110_古い盾.txt
216120,21612,theme,0,,歌わない隊,ウード,チャント,宮廷,熱砂,"大切な日に沈黙した歌い手たちが、歌わないことで誰かの罪を隠す。
地域要素は指定しません。登場人物や出来事の小さな一場面を中心にしてください。",うたわない　こえ / かぜへ　にがす / インクつぼの　そこを / そっと　のぞいた /  / かけない　ことば / なまえを　しらずに / いのりを　おくる / みじかい　うたなら / とどく　きがした /  / ちいさな　しるしを / なくさないように / むねの　ちかくへ / そっと　しまう,public/prompts/vocal/216120_歌わない隊.txt
216130,21613,theme,0,,消えない炭文字,ウード,チャント,祝祭,熱砂,"岩に書かれた炭文字が、何度風に吹かれても残っている。
地域要素は指定しません。登場人物や出来事の小さな一場面を中心にしてください。",きえない　すみもじ / むねに　のこす / ページの　あいだで / ねむった　こえが /  / ふいに　めをさます / はずした　かめんを / たなに　もどして / ほんとの　かおへ / かぜを　いれる /  / だれかの　ためだけ / では　もう　なくて / わたしの　なかで / うたが　はじまる,public/prompts/vocal/216130_消えない炭文字.txt
221110,22111,theme,0,,井戸の赤袖,リュート,マーチ,花園,星霊,"古井戸に赤い袖が映るのに、振り返っても誰もいない。
地域要素は指定しません。登場人物や出来事の小さな一場面を中心にしてください。",いどの　あかいそで / そっと　ひらく / てのひらで　あたためる / こまかな　きずまで /  / わたしの　しごと / さらさら　こぼれても / まだ　おわりじゃない / ちいさな　あしたを / このてで　なおす /  / まどべの　かぜが / ページを　めくる / つぎの　ひかりへ / こえを　つなぐ,public/prompts/vocal/221110_井戸の赤袖.txt
221120,22112,theme,0,,祭壇の小鳥,リュート,マーチ,宮廷,星霊,"冷えた小鳥を温める子供が、死者への歌をまだ知らない。
地域要素は指定しません。登場人物や出来事の小さな一場面を中心にしてください。",さいだんの　ことり / ゆびで　たしかめる / かがみに　うつらない / わたしの　かおだけ /  / うたに　のこした / ねむった　ほんから / ふるい　こえが / わたしの　うたへ / すこし　まざる /  / ふるい　まどから / かぜが　はいって / きのうの　ほこりを / そっと　はらう,public/prompts/vocal/221120_祭壇の小鳥.txt
221130,22113,theme,0,,精霊樹の靴紐,リュート,マーチ,祝祭,星霊,"旅の終わりを願って、古い靴紐を精霊樹へ結ぶ。
地域要素は指定しません。登場人物や出来事の小さな一場面を中心にしてください。",くつひもの　ねがい / まだ　しまわない / しらない　ひとの / ちいさな　ために /  / はなを　ならべた / みえない　きもちを / しろい　かみに / かけない　かわりに / うたへ　かえる /  / ぬれた　ゆびさき / かわく　ころには / ことばの　かわりに / うたが　のこる,public/prompts/vocal/221130_精霊樹の靴紐.txt
222110,22211,theme,0,,橋の花嫁,リュート,アンセム,花園,星霊,"名乗らないまま、橋の人波へ消える花嫁がいる。
地域要素は指定しません。登場人物や出来事の小さな一場面を中心にしてください。",はしの　はなよめ / こえに　かえる / しずかな　ろうそく / けさない　ままで /  / まどを　みていた / さけた　はたでも / まだ　かぜを　うける / だれも　いわない / つよさを　ぬう /  / よるが　きても / まだ　きこえる / あしたの　ほうへ / あるく　おと,public/prompts/vocal/222110_橋の花嫁.txt
222120,22212,theme,0,,蜂の巣の嘘,リュート,アンセム,宮廷,星霊,"蜂の巣を守るため、少女が森主より怖い大人に嘘をつく。
地域要素は指定しません。登場人物や出来事の小さな一場面を中心にしてください。",はちのすの　うそ / かぜへ　にがす / うみの　むこうへ / いかせない　ひを /  / ひとばん　かくした / からっぽ　だから / すこし　かるくなる / あしたの　みずなら / まだ　さがせる /  / ちいさな　しるしを / なくさないように / むねの　ちかくへ / そっと　しまう,public/prompts/vocal/222120_蜂の巣の嘘.txt
222130,22213,theme,0,,分岐の片靴,リュート,アンセム,祝祭,星霊,"迷宮の分岐に置かれた古い片靴が、間違った道へ進む者を止める。
地域要素は指定しません。登場人物や出来事の小さな一場面を中心にしてください。",わかれみちの　かたくつ / むねに　のこす / くつの　すみに　のこる / ちいさな　いろだけ /  / だれにも　いわない / ちずには　ないけど / この　おりめだけ / わたしの　あしを / まえへ　うながす /  / だれかの　ためだけ / では　もう　なくて / わたしの　なかで / うたが　はじまる,public/prompts/vocal/222130_分岐の片靴.txt
225110,22511,theme,0,,逆さ星図,リュート,ノクターン,花園,熱砂,"助手が星図を逆さに貼り、初めて教授を笑わせる。
地域要素は指定しません。登場人物や出来事の小さな一場面を中心にしてください。",さかさまの　ほしず / そっと　ひらく / まよわない　ふりで / ひだりへ　まがる /  / きみを　まもるため / うその　みちでも / こわくは　ないよ / きみが　かえるまで / あかりを　もつ /  / まどべの　かぜが / ページを　めくる / つぎの　ひかりへ / こえを　つなぐ,public/prompts/vocal/225110_逆さ星図.txt
225120,22512,theme,0,,忘れた櫂,リュート,ノクターン,宮廷,熱砂,"渡し守が忘れた櫂だけが、渡らなかった人の理由を知っている。
地域要素は指定しません。登場人物や出来事の小さな一場面を中心にしてください。",わすれた　かい / ゆびで　たしかめる / ひばちの　そばで / ただしい　おりめ /  / ゆびが　おぼえる / よごれた　はなでも / かえりみちに　さく / なくした　こえまで / やさしく　ひろう /  / ふるい　まどから / かぜが　はいって / きのうの　ほこりを / そっと　はらう,public/prompts/vocal/225120_忘れた櫂.txt
225130,22513,theme,0,,縄橋の花売り,リュート,ノクターン,祝祭,熱砂,"怖さをごまかすため、花売りが値段を歌いながら縄橋を渡る。
地域要素は指定しません。登場人物や出来事の小さな一場面を中心にしてください。",なわばしの　はな / まだ　しまわない / かわいた　ふくろを / むねに　しまって /  / すこし　あるいた / けした　あかりが / だれかを　すくうなら / くらい　うみでも / こわくは　ない /  / ぬれた　ゆびさき / かわく　ころには / ことばの　かわりに / うたが　のこる,public/prompts/vocal/225130_縄橋の花売り.txt
226110,22611,theme,0,,裏庭の染め布,リュート,チャント,花園,熱砂,"聖堂裏で乾く染め布が、祈りより鮮やかに風を受ける。
地域要素は指定しません。登場人物や出来事の小さな一場面を中心にしてください。",そめぬのの　かぜ / こえに　かえる / ぬいめの　したには / まけた　ひの　かぜ /  / まだ　のこってる / ならない　かねにも / まもれる　ものがある / しずけさの　なかで / ひとり　うなずく /  / よるが　きても / まだ　きこえる / あしたの　ほうへ / あるく　おと,public/prompts/vocal/226110_裏庭の染め布.txt
226120,22612,theme,0,,甘い豆の夜,リュート,チャント,宮廷,熱砂,"荒野の宿で焼く甘い豆の匂いが、旅人を一晩だけ家族にする。
地域要素は指定しません。登場人物や出来事の小さな一場面を中心にしてください。",あまい　まめのよる / かぜへ　にがす / インクつぼの　そこを / そっと　のぞいた /  / かけない　ことば / なまえを　しらずに / いのりを　おくる / みじかい　うたなら / とどく　きがした /  / ちいさな　しるしを / なくさないように / むねの　ちかくへ / そっと　しまう,public/prompts/vocal/226120_甘い豆の夜.txt
226130,22613,theme,0,,破れレース,リュート,チャント,祝祭,熱砂,"古着市の破れたレースだけが、昔の舞踏会を覚えている。
地域要素は指定しません。登場人物や出来事の小さな一場面を中心にしてください。",やぶれた　レース / むねに　のこす / ページの　あいだで / ねむった　こえが /  / ふいに　めをさます / はずした　かめんを / たなに　もどして / ほんとの　かおへ / かぜを　いれる /  / だれかの　ためだけ / では　もう　なくて / わたしの　なかで / うたが　はじまる,public/prompts/vocal/226130_破れレース.txt
311110,31111,theme,0,,濡れた石椅子,カーヌーン,マーチ,月夜,薔薇,"誰も座らない墓地の石椅子が、いつも少しだけ温かい。
地域要素は指定しません。登場人物や出来事の小さな一場面を中心にしてください。",ぬれた　いす / そっと　ひらく / てのひらで　あたためる / こまかな　きずまで /  / わたしの　しごと / さらさら　こぼれても / まだ　おわりじゃない / ちいさな　あしたを / このてで　なおす /  / まどべの　かぜが / ページを　めくる / つぎの　ひかりへ / こえを　つなぐ,public/prompts/vocal/311110_濡れた石椅子.txt
311120,31112,theme,0,,砂の家,カーヌーン,マーチ,古代,薔薇,"試合前に必ず踏み消される、闘技場の砂に描いた小さな家。
地域要素は指定しません。登場人物や出来事の小さな一場面を中心にしてください。",すなの　いえ / ゆびで　たしかめる / かがみに　うつらない / わたしの　かおだけ /  / うたに　のこした / ねむった　ほんから / ふるい　こえが / わたしの　うたへ / すこし　まざる /  / ふるい　まどから / かぜが　はいって / きのうの　ほこりを / そっと　はらう,public/prompts/vocal/311120_砂の家.txt
311130,31113,theme,0,,苦い飴,カーヌーン,マーチ,幻影,薔薇,"薬師が子供を泣かせないため、苦い薬を飴の形にする。
地域要素は指定しません。登場人物や出来事の小さな一場面を中心にしてください。",にがい　あめ / まだ　しまわない / しらない　ひとの / ちいさな　ために /  / はなを　ならべた / みえない　きもちを / しろい　かみに / かけない　かわりに / うたへ　かえる /  / ぬれた　ゆびさき / かわく　ころには / ことばの　かわりに / うたが　のこる,public/prompts/vocal/311130_苦い飴.txt
312110,31211,theme,0,,木の王冠,カーヌーン,アンセム,月夜,薔薇,"本物より大きな拍手を受けた、人形劇の倒れた王冠。
地域要素は指定しません。登場人物や出来事の小さな一場面を中心にしてください。",きの　かんむり / こえに　かえる / しずかな　ろうそく / けさない　ままで /  / まどを　みていた / さけた　はたでも / まだ　かぜを　うける / だれも　いわない / つよさを　ぬう /  / よるが　きても / まだ　きこえる / あしたの　ほうへ / あるく　おと,public/prompts/vocal/312110_木の王冠.txt
312120,31212,theme,0,,壊れた面,カーヌーン,アンセム,古代,薔薇,"獣道で拾った壊れた面を、森主へ返すべきか迷う。
地域要素は指定しません。登場人物や出来事の小さな一場面を中心にしてください。",こわれた　めん / かぜへ　にがす / うみの　むこうへ / いかせない　ひを /  / ひとばん　かくした / からっぽ　だから / すこし　かるくなる / あしたの　みずなら / まだ　さがせる /  / ちいさな　しるしを / なくさないように / むねの　ちかくへ / そっと　しまう,public/prompts/vocal/312120_壊れた面.txt
312130,31213,theme,0,,迷宮の毛布,カーヌーン,アンセム,幻影,薔薇,"地図にない休憩所で、毛布だけが何人もの旅人を覚えている。
地域要素は指定しません。登場人物や出来事の小さな一場面を中心にしてください。",もうふの　ぬくもり / むねに　のこす / くつの　すみに　のこる / ちいさな　いろだけ /  / だれにも　いわない / ちずには　ないけど / この　おりめだけ / わたしの　あしを / まえへ　うながす /  / だれかの　ためだけ / では　もう　なくて / わたしの　なかで / うたが　はじまる,public/prompts/vocal/312130_迷宮の毛布.txt
313110,31311,theme,0,,片眼鏡,カーヌーン,ワルツ,月夜,熱砂,"拾った片眼鏡を通すと、普段見えない落書きが見える。
地域要素は指定しません。登場人物や出来事の小さな一場面を中心にしてください。",かたい　めがね / そっと　ひらく / まよわない　ふりで / ひだりへ　まがる /  / きみを　まもるため / うその　みちでも / こわくは　ないよ / きみが　かえるまで / あかりを　もつ /  / まどべの　かぜが / ページを　めくる / つぎの　ひかりへ / こえを　つなぐ,public/prompts/vocal/313110_片眼鏡.txt
313120,31312,theme,0,,雨の交易帳,カーヌーン,ワルツ,古代,熱砂,"雨に濡れた交易帳から、数字ではなく別れの匂いが立つ。
地域要素は指定しません。登場人物や出来事の小さな一場面を中心にしてください。",ぬれた　ちょうめん / ゆびで　たしかめる / ひばちの　そばで / ただしい　おりめ /  / ゆびが　おぼえる / よごれた　はなでも / かえりみちに　さく / なくした　こえまで / やさしく　ひろう /  / ふるい　まどから / かぜが　はいって / きのうの　ほこりを / そっと　はらう,public/prompts/vocal/313120_雨の交易帳.txt
313130,31313,theme,0,,牢番の小鳥,カーヌーン,ワルツ,幻影,熱砂,"牢番が飼う小鳥は、囚人よりも自由を怖がっている。
地域要素は指定しません。登場人物や出来事の小さな一場面を中心にしてください。",ろうばんの　ことり / まだ　しまわない / かわいた　ふくろを / むねに　しまって /  / すこし　あるいた / けした　あかりが / だれかを　すくうなら / くらい　うみでも / こわくは　ない /  / ぬれた　ゆびさき / かわく　ころには / ことばの　かわりに / うたが　のこる,public/prompts/vocal/313130_牢番の小鳥.txt
314110,31411,theme,0,,割れた鐘,カーヌーン,タンゴ,月夜,熱砂,"音を失った小さな鐘が、窓辺に飾られる。
地域要素は指定しません。登場人物や出来事の小さな一場面を中心にしてください。",われた　こがね / こえに　かえる / ぬいめの　したには / まけた　ひの　かぜ /  / まだ　のこってる / ならない　かねにも / まもれる　ものがある / しずけさの　なかで / ひとり　うなずく /  / よるが　きても / まだ　きこえる / あしたの　ほうへ / あるく　おと,public/prompts/vocal/314110_割れた鐘.txt
314120,31412,theme,0,,黒い貝殻,カーヌーン,タンゴ,古代,熱砂,"真鍮の荒野で拾った黒い貝殻が、見たことのない海の音をする。
地域要素は指定しません。登場人物や出来事の小さな一場面を中心にしてください。",くろい　かいがら / かぜへ　にがす / インクつぼの　そこを / そっと　のぞいた /  / かけない　ことば / なまえを　しらずに / いのりを　おくる / みじかい　うたなら / とどく　きがした /  / ちいさな　しるしを / なくさないように / むねの　ちかくへ / そっと　しまう,public/prompts/vocal/314120_黒い貝殻.txt
314130,31413,theme,0,,空の鎧,カーヌーン,タンゴ,幻影,熱砂,"古城の倉庫で鳴る空の鎧が、誰かが戻ったふりをしている。
地域要素は指定しません。登場人物や出来事の小さな一場面を中心にしてください。",からの　よろい / むねに　のこす / ページの　あいだで / ねむった　こえが /  / ふいに　めをさます / はずした　かめんを / たなに　もどして / ほんとの　かおへ / かぜを　いれる /  / だれかの　ためだけ / では　もう　なくて / わたしの　なかで / うたが　はじまる,public/prompts/vocal/314130_空の鎧.txt
321110,32111,theme,0,,金の針,サントゥール,マーチ,月夜,薔薇,"苔に沈む金の針を、誰も拾えないまま朝になる。
地域要素は指定しません。登場人物や出来事の小さな一場面を中心にしてください。",きんの　はり / そっと　ひらく / てのひらで　あたためる / こまかな　きずまで /  / わたしの　しごと / さらさら　こぼれても / まだ　おわりじゃない / ちいさな　あしたを / このてで　なおす /  / まどべの　かぜが / ページを　めくる / つぎの　ひかりへ / こえを　つなぐ,public/prompts/vocal/321110_金の針.txt
321120,32112,theme,0,,夜の水車,サントゥール,マーチ,古代,薔薇,"水車の音が消えた時だけ聞こえる歌がある。
地域要素は指定しません。登場人物や出来事の小さな一場面を中心にしてください。",よるの　すいしゃ / ゆびで　たしかめる / かがみに　うつらない / わたしの　かおだけ /  / うたに　のこした / ねむった　ほんから / ふるい　こえが / わたしの　うたへ / すこし　まざる /  / ふるい　まどから / かぜが　はいって / きのうの　ほこりを / そっと　はらう,public/prompts/vocal/321120_夜の水車.txt
321130,32113,theme,0,,破った招待状,サントゥール,マーチ,幻影,薔薇,"招待状を捨てられない書記が、宛名のない返事を書き続ける。
地域要素は指定しません。登場人物や出来事の小さな一場面を中心にしてください。",やぶった　まねきふだ / まだ　しまわない / しらない　ひとの / ちいさな　ために /  / はなを　ならべた / みえない　きもちを / しろい　かみに / かけない　かわりに / うたへ　かえる /  / ぬれた　ゆびさき / かわく　ころには / ことばの　かわりに / うたが　のこる,public/prompts/vocal/321130_破った招待状.txt
322110,32211,theme,0,,巨木の楽譜,サントゥール,アンセム,月夜,薔薇,"巨木に彫られた短い楽譜を、風だけが毎日演奏する。
地域要素は指定しません。登場人物や出来事の小さな一場面を中心にしてください。",きょぼくの　がくふ / こえに　かえる / しずかな　ろうそく / けさない　ままで /  / まどを　みていた / さけた　はたでも / まだ　かぜを　うける / だれも　いわない / つよさを　ぬう /  / よるが　きても / まだ　きこえる / あしたの　ほうへ / あるく　おと,public/prompts/vocal/322110_巨木の楽譜.txt
322120,32212,theme,0,,出口の馬車,サントゥール,アンセム,古代,薔薇,"迷宮出口に停まる空の馬車は、帰りたい者だけには見えない。
地域要素は指定しません。登場人物や出来事の小さな一場面を中心にしてください。",でぐちの　ばしゃ / かぜへ　にがす / うみの　むこうへ / いかせない　ひを /  / ひとばん　かくした / からっぽ　だから / すこし　かるくなる / あしたの　みずなら / まだ　さがせる /  / ちいさな　しるしを / なくさないように / むねの　ちかくへ / そっと　しまう,public/prompts/vocal/322120_出口の馬車.txt
322130,32213,theme,0,,夜警の鍵束,サントゥール,アンセム,幻影,薔薇,"鍵束が鳴るたび、眠る学院の夢が少しずつずれる。
地域要素は指定しません。登場人物や出来事の小さな一場面を中心にしてください。",よまわりの　かぎ / むねに　のこす / くつの　すみに　のこる / ちいさな　いろだけ /  / だれにも　いわない / ちずには　ないけど / この　おりめだけ / わたしの　あしを / まえへ　うながす /  / だれかの　ためだけ / では　もう　なくて / わたしの　なかで / うたが　はじまる,public/prompts/vocal/322130_夜警の鍵束.txt
323110,32311,theme,0,,売れない香水,サントゥール,ワルツ,月夜,熱砂,"港ではなく遠い花園の匂いがする、朝市の売れ残り。
地域要素は指定しません。登場人物や出来事の小さな一場面を中心にしてください。",うれない　こうすい / そっと　ひらく / まよわない　ふりで / ひだりへ　まがる /  / きみを　まもるため / うその　みちでも / こわくは　ないよ / きみが　かえるまで / あかりを　もつ /  / まどべの　かぜが / ページを　めくる / つぎの　ひかりへ / こえを　つなぐ,public/prompts/vocal/323110_売れない香水.txt
323120,32312,theme,0,,要塞の草,サントゥール,ワルツ,古代,熱砂,"踏まれても枯れない草を、兵士たちが密かに縁起物と呼ぶ。
地域要素は指定しません。登場人物や出来事の小さな一場面を中心にしてください。",とりでの　くさ / ゆびで　たしかめる / ひばちの　そばで / ただしい　おりめ /  / ゆびが　おぼえる / よごれた　はなでも / かえりみちに　さく / なくした　こえまで / やさしく　ひろう /  / ふるい　まどから / かぜが　はいって / きのうの　ほこりを / そっと　はらう,public/prompts/vocal/323120_要塞の草.txt
323130,32313,theme,0,,鳩の紙片,サントゥール,ワルツ,幻影,熱砂,"聖堂の鳩が落とした紙片には、祈りではなく買い物メモが書かれていた。
地域要素は指定しません。登場人物や出来事の小さな一場面を中心にしてください。",はとの　かみきれ / まだ　しまわない / かわいた　ふくろを / むねに　しまって /  / すこし　あるいた / けした　あかりが / だれかを　すくうなら / くらい　うみでも / こわくは　ない /  / ぬれた　ゆびさき / かわく　ころには / ことばの　かわりに / うたが　のこる,public/prompts/vocal/323130_鳩の紙片.txt
324110,32411,theme,0,,まだない子供服,サントゥール,タンゴ,月夜,熱砂,"まだ生まれていない子のために、荒野の低い家で縫われる服。
地域要素は指定しません。登場人物や出来事の小さな一場面を中心にしてください。",まだない　ふく / こえに　かえる / ぬいめの　したには / まけた　ひの　かぜ /  / まだ　のこってる / ならない　かねにも / まもれる　ものがある / しずけさの　なかで / ひとり　うなずく /  / よるが　きても / まだ　きこえる / あしたの　ほうへ / あるく　おと,public/prompts/vocal/324110_まだない子供服.txt
324120,32412,theme,0,,雲雀の小瓶,サントゥール,タンゴ,古代,熱砂,"小瓶に閉じ込めた雲雀の羽を、少女が朝風へ返す。
地域要素は指定しません。登場人物や出来事の小さな一場面を中心にしてください。",ひばりの　こびん / かぜへ　にがす / インクつぼの　そこを / そっと　のぞいた /  / かけない　ことば / なまえを　しらずに / いのりを　おくる / みじかい　うたなら / とどく　きがした /  / ちいさな　しるしを / なくさないように / むねの　ちかくへ / そっと　しまう,public/prompts/vocal/324120_雲雀の小瓶.txt
324130,32413,theme,0,,灯籠の返事,サントゥール,タンゴ,幻影,熱砂,"返事の来ない手紙のかわりに、川へ小さな灯籠を流す。
地域要素は指定しません。登場人物や出来事の小さな一場面を中心にしてください。",とうろうの　へんじ / むねに　のこす / ページの　あいだで / ねむった　こえが /  / ふいに　めをさます / はずした　かめんを / たなに　もどして / ほんとの　かおへ / かぜを　いれる /  / だれかの　ためだけ / では　もう　なくて / わたしの　なかで / うたが　はじまる,public/prompts/vocal/324130_灯籠の返事.txt
113111,11311,region,1,王都,王宮の朝番・朝,フレームドラム,ワルツ,砂嵐,星霊,"舞台地域: 王都
地域の空気: 王宮、大通り、石畳、鐘楼、広場、貴族の影、上品な喧騒
場面: 石畳に水を撒く若者が、祝祭の気配を誰より早く知る。 時間帯は朝。
追加の人物主題は指定しません。既存テーマに、この地域場面だけを重ねてください。",あさの　いしだたみの　みず / しずかに　みてる / しずかな　ろうそく / けさない　ままで /  / まどを　みていた / はずした　かめんを / たなに　もどして / ほんとの　かおへ / かぜを　いれる /  / ちいさな　しるしを / なくさないように / むねの　ちかくへ / そっと　しまう,public/prompts/vocal/113111_王宮の朝番・朝.txt
113122,11312,region,2,辺境の村,滝道の見張り・朝,フレームドラム,ワルツ,凱旋,星霊,"舞台地域: 辺境の村
地域の空気: 濃い緑、巨木、滝、木漏れ日、湿った空気、木橋、森主の気配
場面: 木橋の上で、濡れた足跡を数えている。 時間帯は朝。
追加の人物主題は指定しません。既存テーマに、この地域場面だけを重ねてください。",あさの　たきみちの　あしあと / あしもとで　なる / うみの　むこうへ / いかせない　ひを /  / ひとばん　かくした / さらさら　こぼれても / まだ　おわりじゃない / ちいさな　あしたを / このてで　なおす /  / だれかの　ためだけ / では　もう　なくて / わたしの　なかで / うたが　はじまる,public/prompts/vocal/113122_滝道の見張り・朝.txt
113133,11313,region,3,迷宮,分岐路の呼び鈴・朝,フレームドラム,ワルツ,王国,星霊,"舞台地域: 迷宮
地域の空気: 石造の入口、分岐路、濡れた壁、松明、遠い反響、帰れない気配
場面: 誰も鳴らさない呼び鈴が、分岐に置かれている。 時間帯は朝。
追加の人物主題は指定しません。既存テーマに、この地域場面だけを重ねてください。",あさの　よびすずの　かげ / ひかりを　うける / くつの　すみに　のこる / ちいさな　いろだけ /  / だれにも　いわない / ねむった　ほんから / ふるい　こえが / わたしの　うたへ / すこし　まざる /  / まどべの　かぜが / ページを　めくる / つぎの　ひかりへ / こえを　つなぐ,public/prompts/vocal/113133_分岐路の呼び鈴・朝.txt
114114,11411,region,4,賢者の塔,講義室の空席・朝,フレームドラム,タンゴ,砂嵐,星霊,"舞台地域: 賢者の塔
地域の空気: 書庫、研究塔、学院、講義室、古い譜面、魔法実験、窓辺
場面: 誰も座らない席だけが、午後の日差しを受けている。 時間帯は朝。
追加の人物主題は指定しません。既存テーマに、この地域場面だけを重ねてください。",あさの　あいた　いす / かげを　しまう / まよわない　ふりで / ひだりへ　まがる /  / きみを　まもるため / みえない　きもちを / しろい　かみに / かけない　かわりに / うたへ　かえる /  / ふるい　まどから / かぜが　はいって / きのうの　ほこりを / そっと　はらう,public/prompts/vocal/114114_講義室の空席・朝.txt
114125,11412,region,5,港町,干された帆の裏・朝,フレームドラム,タンゴ,凱旋,星霊,"舞台地域: 港町
地域の空気: 帆、桟橋、潮風、市場、交易品、ロープ、魚籠、海面の反射
場面: 旅人が小さな地図を書き残す。 時間帯は朝。
追加の人物主題は指定しません。既存テーマに、この地域場面だけを重ねてください。",あさの　ほした　ほのうら / こえを　まつ / ひばちの　そばで / ただしい　おりめ /  / ゆびが　おぼえる / さけた　はたでも / まだ　かぜを　うける / だれも　いわない / つよさを　ぬう /  / ぬれた　ゆびさき / かわく　ころには / ことばの　かわりに / うたが　のこる,public/prompts/vocal/114125_干された帆の裏・朝.txt
114136,11413,region,6,巨岩の要塞,峡谷の旗番・朝,フレームドラム,タンゴ,王国,星霊,"舞台地域: 巨岩の要塞
地域の空気: 岩壁、石段、旗、縄橋、峡谷、砂埃、堅い門、見張り台
場面: 旗の裂け目で、明日の天気を読んでいる。 時間帯は朝。
追加の人物主題は指定しません。既存テーマに、この地域場面だけを重ねてください。",あさの　さけた　はた / ゆめを　さます / かわいた　ふくろを / むねに　しまって /  / すこし　あるいた / からっぽ　だから / すこし　かるくなる / あしたの　みずなら / まだ　さがせる /  / よるが　きても / まだ　きこえる / あしたの　ほうへ / あるく　おと,public/prompts/vocal/114136_峡谷の旗番・朝.txt
115117,11511,region,7,静謐の聖堂,草地の聖歌・朝,フレームドラム,ノクターン,砂嵐,薔薇,"舞台地域: 静謐の聖堂
地域の空気: 地方の聖域、牧歌的な田舎、草地、白い壁、素朴な祈り、羊の鈴
場面: 羊の鈴が、聖歌隊の練習より先に鳴る。 時間帯は朝。
追加の人物主題は指定しません。既存テーマに、この地域場面だけを重ねてください。",あさの　ひつじの　すず / しずかに　みてる / ぬいめの　したには / まけた　ひの　かぜ /  / まだ　のこってる / ちずには　ないけど / この　おりめだけ / わたしの　あしを / まえへ　うながす /  / ちいさな　しるしを / なくさないように / むねの　ちかくへ / そっと　しまう,public/prompts/vocal/115117_草地の聖歌・朝.txt
115128,11512,region,8,真鍮の荒野,火鉢のある宿・朝,フレームドラム,ノクターン,凱旋,薔薇,"舞台地域: 真鍮の荒野
地域の空気: 真鍮色の岩、乾いた砂地、低い建物、布、火鉢、隊商、風除け
場面: 隊商の者たちが、嘘の故郷を語る。 時間帯は朝。
追加の人物主題は指定しません。既存テーマに、この地域場面だけを重ねてください。",あさの　ひばちの　ひ / あしもとで　なる / インクつぼの　そこを / そっと　のぞいた /  / かけない　ことば / うその　みちでも / こわくは　ないよ / きみが　かえるまで / あかりを　もつ /  / だれかの　ためだけ / では　もう　なくて / わたしの　なかで / うたが　はじまる,public/prompts/vocal/115128_火鉢のある宿・朝.txt
115139,11513,region,9,忘れられた古城,古城の応接間・朝,フレームドラム,ノクターン,王国,薔薇,"舞台地域: 忘れられた古城
地域の空気: 寂れた城、落ちぶれた貴族、崩れたアーチ、蔦、埃、陰鬱な村
場面: 落ちぶれた貴族が、客のために茶を淹れる。 時間帯は朝。
追加の人物主題は指定しません。既存テーマに、この地域場面だけを重ねてください。",あさの　ちゃの　ゆげ / ひかりを　うける / ページの　あいだで / ねむった　こえが /  / ふいに　めをさます / よごれた　はなでも / かえりみちに　さく / なくした　こえまで / やさしく　ひろう /  / まどべの　かぜが / ページを　めくる / つぎの　ひかりへ / こえを　つなぐ,public/prompts/vocal/115139_古城の応接間・朝.txt
11611A,11611,region,A,太古の墓地,苔の石段・朝,フレームドラム,チャント,砂嵐,薔薇,"舞台地域: 太古の墓地
地域の空気: 密林奥の墓地遺構、苔むした石碑、崩れた祭壇、霧、巨木の根
場面: 誰かが毎朝、新しい果実を置いていく。 時間帯は朝。
追加の人物主題は指定しません。既存テーマに、この地域場面だけを重ねてください。",あさの　こけの　いしだん / かげを　しまう / てのひらで　あたためる / こまかな　きずまで /  / わたしの　しごと / けした　あかりが / だれかを　すくうなら / くらい　うみでも / こわくは　ない /  / ふるい　まどから / かぜが　はいって / きのうの　ほこりを / そっと　はらう,public/prompts/vocal/11611A_苔の石段・朝.txt
11612B,11612,region,B,喧騒の闘技場,砂払いの午後・朝,フレームドラム,チャント,凱旋,薔薇,"舞台地域: 喧騒の闘技場
地域の空気: 乾いた荒野の都市、歓声、砂埃、旗、控室、熱気、試合後の静けさ
場面: 砂を払う者だけが、勝者と敗者の足跡を見分ける。 時間帯は朝。
追加の人物主題は指定しません。既存テーマに、この地域場面だけを重ねてください。",あさの　はらった　すな / こえを　まつ / かがみに　うつらない / わたしの　かおだけ /  / うたに　のこした / ならない　かねにも / まもれる　ものがある / しずけさの　なかで / ひとり　うなずく /  / ぬれた　ゆびさき / かわく　ころには / ことばの　かわりに / うたが　のこる,public/prompts/vocal/11612B_砂払いの午後・朝.txt
11613C,11613,region,C,緑の隠れ里,水路の薬草棚・朝,フレームドラム,チャント,王国,薔薇,"舞台地域: 緑の隠れ里
地域の空気: 深い森、木道、水路、葉陰、精霊樹、薬草棚、静かな生活圏
場面: 薬師が苦い飴を冷ましている。 時間帯は朝。
追加の人物主題は指定しません。既存テーマに、この地域場面だけを重ねてください。",あさの　くすりだなの　あめ / ゆめを　さます / しらない　ひとの / ちいさな　ために /  / はなを　ならべた / なまえを　しらずに / いのりを　おくる / みじかい　うたなら / とどく　きがした /  / よるが　きても / まだ　きこえる / あしたの　ほうへ / あるく　おと,public/prompts/vocal/11613C_水路の薬草棚・朝.txt
123111,12311,region,1,王都,王宮の朝番・昼下がり,ダラブッカ,ワルツ,砂嵐,星霊,"舞台地域: 王都
地域の空気: 王宮、大通り、石畳、鐘楼、広場、貴族の影、上品な喧騒
場面: 石畳に水を撒く若者が、祝祭の気配を誰より早く知る。 時間帯は昼下がり。
追加の人物主題は指定しません。既存テーマに、この地域場面だけを重ねてください。",ひるさがりの　いしだたみの　みず / しずかに　みてる / しずかな　ろうそく / けさない　ままで /  / まどを　みていた / はずした　かめんを / たなに　もどして / ほんとの　かおへ / かぜを　いれる /  / ちいさな　しるしを / なくさないように / むねの　ちかくへ / そっと　しまう,public/prompts/vocal/123111_王宮の朝番・昼下がり.txt
123122,12312,region,2,辺境の村,滝道の見張り・昼下がり,ダラブッカ,ワルツ,凱旋,星霊,"舞台地域: 辺境の村
地域の空気: 濃い緑、巨木、滝、木漏れ日、湿った空気、木橋、森主の気配
場面: 木橋の上で、濡れた足跡を数えている。 時間帯は昼下がり。
追加の人物主題は指定しません。既存テーマに、この地域場面だけを重ねてください。",ひるさがりの　たきみちの　あしあと / あしもとで　なる / うみの　むこうへ / いかせない　ひを /  / ひとばん　かくした / さらさら　こぼれても / まだ　おわりじゃない / ちいさな　あしたを / このてで　なおす /  / だれかの　ためだけ / では　もう　なくて / わたしの　なかで / うたが　はじまる,public/prompts/vocal/123122_滝道の見張り・昼下がり.txt
123133,12313,region,3,迷宮,分岐路の呼び鈴・昼下がり,ダラブッカ,ワルツ,王国,星霊,"舞台地域: 迷宮
地域の空気: 石造の入口、分岐路、濡れた壁、松明、遠い反響、帰れない気配
場面: 誰も鳴らさない呼び鈴が、分岐に置かれている。 時間帯は昼下がり。
追加の人物主題は指定しません。既存テーマに、この地域場面だけを重ねてください。",ひるさがりの　よびすずの　かげ / ひかりを　うける / くつの　すみに　のこる / ちいさな　いろだけ /  / だれにも　いわない / ねむった　ほんから / ふるい　こえが / わたしの　うたへ / すこし　まざる /  / まどべの　かぜが / ページを　めくる / つぎの　ひかりへ / こえを　つなぐ,public/prompts/vocal/123133_分岐路の呼び鈴・昼下がり.txt
124114,12411,region,4,賢者の塔,講義室の空席・昼下がり,ダラブッカ,タンゴ,砂嵐,星霊,"舞台地域: 賢者の塔
地域の空気: 書庫、研究塔、学院、講義室、古い譜面、魔法実験、窓辺
場面: 誰も座らない席だけが、午後の日差しを受けている。 時間帯は昼下がり。
追加の人物主題は指定しません。既存テーマに、この地域場面だけを重ねてください。",ひるさがりの　あいた　いす / かげを　しまう / まよわない　ふりで / ひだりへ　まがる /  / きみを　まもるため / みえない　きもちを / しろい　かみに / かけない　かわりに / うたへ　かえる /  / ふるい　まどから / かぜが　はいって / きのうの　ほこりを / そっと　はらう,public/prompts/vocal/124114_講義室の空席・昼下がり.txt
124125,12412,region,5,港町,干された帆の裏・昼下がり,ダラブッカ,タンゴ,凱旋,星霊,"舞台地域: 港町
地域の空気: 帆、桟橋、潮風、市場、交易品、ロープ、魚籠、海面の反射
場面: 旅人が小さな地図を書き残す。 時間帯は昼下がり。
追加の人物主題は指定しません。既存テーマに、この地域場面だけを重ねてください。",ひるさがりの　ほした　ほのうら / こえを　まつ / ひばちの　そばで / ただしい　おりめ /  / ゆびが　おぼえる / さけた　はたでも / まだ　かぜを　うける / だれも　いわない / つよさを　ぬう /  / ぬれた　ゆびさき / かわく　ころには / ことばの　かわりに / うたが　のこる,public/prompts/vocal/124125_干された帆の裏・昼下がり.txt
124136,12413,region,6,巨岩の要塞,峡谷の旗番・昼下がり,ダラブッカ,タンゴ,王国,星霊,"舞台地域: 巨岩の要塞
地域の空気: 岩壁、石段、旗、縄橋、峡谷、砂埃、堅い門、見張り台
場面: 旗の裂け目で、明日の天気を読んでいる。 時間帯は昼下がり。
追加の人物主題は指定しません。既存テーマに、この地域場面だけを重ねてください。",ひるさがりの　さけた　はた / ゆめを　さます / かわいた　ふくろを / むねに　しまって /  / すこし　あるいた / からっぽ　だから / すこし　かるくなる / あしたの　みずなら / まだ　さがせる /  / よるが　きても / まだ　きこえる / あしたの　ほうへ / あるく　おと,public/prompts/vocal/124136_峡谷の旗番・昼下がり.txt
125117,12511,region,7,静謐の聖堂,草地の聖歌・昼下がり,ダラブッカ,ノクターン,砂嵐,薔薇,"舞台地域: 静謐の聖堂
地域の空気: 地方の聖域、牧歌的な田舎、草地、白い壁、素朴な祈り、羊の鈴
場面: 羊の鈴が、聖歌隊の練習より先に鳴る。 時間帯は昼下がり。
追加の人物主題は指定しません。既存テーマに、この地域場面だけを重ねてください。",ひるさがりの　ひつじの　すず / しずかに　みてる / ぬいめの　したには / まけた　ひの　かぜ /  / まだ　のこってる / ちずには　ないけど / この　おりめだけ / わたしの　あしを / まえへ　うながす /  / ちいさな　しるしを / なくさないように / むねの　ちかくへ / そっと　しまう,public/prompts/vocal/125117_草地の聖歌・昼下がり.txt
125128,12512,region,8,真鍮の荒野,火鉢のある宿・昼下がり,ダラブッカ,ノクターン,凱旋,薔薇,"舞台地域: 真鍮の荒野
地域の空気: 真鍮色の岩、乾いた砂地、低い建物、布、火鉢、隊商、風除け
場面: 隊商の者たちが、嘘の故郷を語る。 時間帯は昼下がり。
追加の人物主題は指定しません。既存テーマに、この地域場面だけを重ねてください。",ひるさがりの　ひばちの　ひ / あしもとで　なる / インクつぼの　そこを / そっと　のぞいた /  / かけない　ことば / うその　みちでも / こわくは　ないよ / きみが　かえるまで / あかりを　もつ /  / だれかの　ためだけ / では　もう　なくて / わたしの　なかで / うたが　はじまる,public/prompts/vocal/125128_火鉢のある宿・昼下がり.txt
125139,12513,region,9,忘れられた古城,古城の応接間・昼下がり,ダラブッカ,ノクターン,王国,薔薇,"舞台地域: 忘れられた古城
地域の空気: 寂れた城、落ちぶれた貴族、崩れたアーチ、蔦、埃、陰鬱な村
場面: 落ちぶれた貴族が、客のために茶を淹れる。 時間帯は昼下がり。
追加の人物主題は指定しません。既存テーマに、この地域場面だけを重ねてください。",ひるさがりの　ちゃの　ゆげ / ひかりを　うける / ページの　あいだで / ねむった　こえが /  / ふいに　めをさます / よごれた　はなでも / かえりみちに　さく / なくした　こえまで / やさしく　ひろう /  / まどべの　かぜが / ページを　めくる / つぎの　ひかりへ / こえを　つなぐ,public/prompts/vocal/125139_古城の応接間・昼下がり.txt
12611A,12611,region,A,太古の墓地,苔の石段・昼下がり,ダラブッカ,チャント,砂嵐,薔薇,"舞台地域: 太古の墓地
地域の空気: 密林奥の墓地遺構、苔むした石碑、崩れた祭壇、霧、巨木の根
場面: 誰かが毎朝、新しい果実を置いていく。 時間帯は昼下がり。
追加の人物主題は指定しません。既存テーマに、この地域場面だけを重ねてください。",ひるさがりの　こけの　いしだん / かげを　しまう / てのひらで　あたためる / こまかな　きずまで /  / わたしの　しごと / けした　あかりが / だれかを　すくうなら / くらい　うみでも / こわくは　ない /  / ふるい　まどから / かぜが　はいって / きのうの　ほこりを / そっと　はらう,public/prompts/vocal/12611A_苔の石段・昼下がり.txt
12612B,12612,region,B,喧騒の闘技場,砂払いの午後・昼下がり,ダラブッカ,チャント,凱旋,薔薇,"舞台地域: 喧騒の闘技場
地域の空気: 乾いた荒野の都市、歓声、砂埃、旗、控室、熱気、試合後の静けさ
場面: 砂を払う者だけが、勝者と敗者の足跡を見分ける。 時間帯は昼下がり。
追加の人物主題は指定しません。既存テーマに、この地域場面だけを重ねてください。",ひるさがりの　はらった　すな / こえを　まつ / かがみに　うつらない / わたしの　かおだけ /  / うたに　のこした / ならない　かねにも / まもれる　ものがある / しずけさの　なかで / ひとり　うなずく /  / ぬれた　ゆびさき / かわく　ころには / ことばの　かわりに / うたが　のこる,public/prompts/vocal/12612B_砂払いの午後・昼下がり.txt
12613C,12613,region,C,緑の隠れ里,水路の薬草棚・昼下がり,ダラブッカ,チャント,王国,薔薇,"舞台地域: 緑の隠れ里
地域の空気: 深い森、木道、水路、葉陰、精霊樹、薬草棚、静かな生活圏
場面: 薬師が苦い飴を冷ましている。 時間帯は昼下がり。
追加の人物主題は指定しません。既存テーマに、この地域場面だけを重ねてください。",ひるさがりの　くすりだなの　あめ / ゆめを　さます / しらない　ひとの / ちいさな　ために /  / はなを　ならべた / なまえを　しらずに / いのりを　おくる / みじかい　うたなら / とどく　きがした /  / よるが　きても / まだ　きこえる / あしたの　ほうへ / あるく　おと,public/prompts/vocal/12613C_水路の薬草棚・昼下がり.txt
211111,21111,region,1,王都,王宮の朝番・夕暮れ,ウード,マーチ,花園,星霊,"舞台地域: 王都
地域の空気: 王宮、大通り、石畳、鐘楼、広場、貴族の影、上品な喧騒
場面: 石畳に水を撒く若者が、祝祭の気配を誰より早く知る。 時間帯は夕暮れ。
追加の人物主題は指定しません。既存テーマに、この地域場面だけを重ねてください。",ゆうぐれの　いしだたみの　みず / しずかに　みてる / しずかな　ろうそく / けさない　ままで /  / まどを　みていた / はずした　かめんを / たなに　もどして / ほんとの　かおへ / かぜを　いれる /  / ちいさな　しるしを / なくさないように / むねの　ちかくへ / そっと　しまう,public/prompts/vocal/211111_王宮の朝番・夕暮れ.txt
211122,21112,region,2,辺境の村,滝道の見張り・夕暮れ,ウード,マーチ,宮廷,星霊,"舞台地域: 辺境の村
地域の空気: 濃い緑、巨木、滝、木漏れ日、湿った空気、木橋、森主の気配
場面: 木橋の上で、濡れた足跡を数えている。 時間帯は夕暮れ。
追加の人物主題は指定しません。既存テーマに、この地域場面だけを重ねてください。",ゆうぐれの　たきみちの　あしあと / あしもとで　なる / うみの　むこうへ / いかせない　ひを /  / ひとばん　かくした / さらさら　こぼれても / まだ　おわりじゃない / ちいさな　あしたを / このてで　なおす /  / だれかの　ためだけ / では　もう　なくて / わたしの　なかで / うたが　はじまる,public/prompts/vocal/211122_滝道の見張り・夕暮れ.txt
211133,21113,region,3,迷宮,分岐路の呼び鈴・夕暮れ,ウード,マーチ,祝祭,星霊,"舞台地域: 迷宮
地域の空気: 石造の入口、分岐路、濡れた壁、松明、遠い反響、帰れない気配
場面: 誰も鳴らさない呼び鈴が、分岐に置かれている。 時間帯は夕暮れ。
追加の人物主題は指定しません。既存テーマに、この地域場面だけを重ねてください。",ゆうぐれの　よびすずの　かげ / ひかりを　うける / くつの　すみに　のこる / ちいさな　いろだけ /  / だれにも　いわない / ねむった　ほんから / ふるい　こえが / わたしの　うたへ / すこし　まざる /  / まどべの　かぜが / ページを　めくる / つぎの　ひかりへ / こえを　つなぐ,public/prompts/vocal/211133_分岐路の呼び鈴・夕暮れ.txt
212114,21211,region,4,賢者の塔,講義室の空席・夕暮れ,ウード,アンセム,花園,星霊,"舞台地域: 賢者の塔
地域の空気: 書庫、研究塔、学院、講義室、古い譜面、魔法実験、窓辺
場面: 誰も座らない席だけが、午後の日差しを受けている。 時間帯は夕暮れ。
追加の人物主題は指定しません。既存テーマに、この地域場面だけを重ねてください。",ゆうぐれの　あいた　いす / かげを　しまう / まよわない　ふりで / ひだりへ　まがる /  / きみを　まもるため / みえない　きもちを / しろい　かみに / かけない　かわりに / うたへ　かえる /  / ふるい　まどから / かぜが　はいって / きのうの　ほこりを / そっと　はらう,public/prompts/vocal/212114_講義室の空席・夕暮れ.txt
212125,21212,region,5,港町,干された帆の裏・夕暮れ,ウード,アンセム,宮廷,星霊,"舞台地域: 港町
地域の空気: 帆、桟橋、潮風、市場、交易品、ロープ、魚籠、海面の反射
場面: 旅人が小さな地図を書き残す。 時間帯は夕暮れ。
追加の人物主題は指定しません。既存テーマに、この地域場面だけを重ねてください。",ゆうぐれの　ほした　ほのうら / こえを　まつ / ひばちの　そばで / ただしい　おりめ /  / ゆびが　おぼえる / さけた　はたでも / まだ　かぜを　うける / だれも　いわない / つよさを　ぬう /  / ぬれた　ゆびさき / かわく　ころには / ことばの　かわりに / うたが　のこる,public/prompts/vocal/212125_干された帆の裏・夕暮れ.txt
212136,21213,region,6,巨岩の要塞,峡谷の旗番・夕暮れ,ウード,アンセム,祝祭,星霊,"舞台地域: 巨岩の要塞
地域の空気: 岩壁、石段、旗、縄橋、峡谷、砂埃、堅い門、見張り台
場面: 旗の裂け目で、明日の天気を読んでいる。 時間帯は夕暮れ。
追加の人物主題は指定しません。既存テーマに、この地域場面だけを重ねてください。",ゆうぐれの　さけた　はた / ゆめを　さます / かわいた　ふくろを / むねに　しまって /  / すこし　あるいた / からっぽ　だから / すこし　かるくなる / あしたの　みずなら / まだ　さがせる /  / よるが　きても / まだ　きこえる / あしたの　ほうへ / あるく　おと,public/prompts/vocal/212136_峡谷の旗番・夕暮れ.txt
215117,21511,region,7,静謐の聖堂,草地の聖歌・夕暮れ,ウード,ノクターン,花園,熱砂,"舞台地域: 静謐の聖堂
地域の空気: 地方の聖域、牧歌的な田舎、草地、白い壁、素朴な祈り、羊の鈴
場面: 羊の鈴が、聖歌隊の練習より先に鳴る。 時間帯は夕暮れ。
追加の人物主題は指定しません。既存テーマに、この地域場面だけを重ねてください。",ゆうぐれの　ひつじの　すず / しずかに　みてる / ぬいめの　したには / まけた　ひの　かぜ /  / まだ　のこってる / ちずには　ないけど / この　おりめだけ / わたしの　あしを / まえへ　うながす /  / ちいさな　しるしを / なくさないように / むねの　ちかくへ / そっと　しまう,public/prompts/vocal/215117_草地の聖歌・夕暮れ.txt
215128,21512,region,8,真鍮の荒野,火鉢のある宿・夕暮れ,ウード,ノクターン,宮廷,熱砂,"舞台地域: 真鍮の荒野
地域の空気: 真鍮色の岩、乾いた砂地、低い建物、布、火鉢、隊商、風除け
場面: 隊商の者たちが、嘘の故郷を語る。 時間帯は夕暮れ。
追加の人物主題は指定しません。既存テーマに、この地域場面だけを重ねてください。",ゆうぐれの　ひばちの　ひ / あしもとで　なる / インクつぼの　そこを / そっと　のぞいた /  / かけない　ことば / うその　みちでも / こわくは　ないよ / きみが　かえるまで / あかりを　もつ /  / だれかの　ためだけ / では　もう　なくて / わたしの　なかで / うたが　はじまる,public/prompts/vocal/215128_火鉢のある宿・夕暮れ.txt
215139,21513,region,9,忘れられた古城,古城の応接間・夕暮れ,ウード,ノクターン,祝祭,熱砂,"舞台地域: 忘れられた古城
地域の空気: 寂れた城、落ちぶれた貴族、崩れたアーチ、蔦、埃、陰鬱な村
場面: 落ちぶれた貴族が、客のために茶を淹れる。 時間帯は夕暮れ。
追加の人物主題は指定しません。既存テーマに、この地域場面だけを重ねてください。",ゆうぐれの　ちゃの　ゆげ / ひかりを　うける / ページの　あいだで / ねむった　こえが /  / ふいに　めをさます / よごれた　はなでも / かえりみちに　さく / なくした　こえまで / やさしく　ひろう /  / まどべの　かぜが / ページを　めくる / つぎの　ひかりへ / こえを　つなぐ,public/prompts/vocal/215139_古城の応接間・夕暮れ.txt
21611A,21611,region,A,太古の墓地,苔の石段・夕暮れ,ウード,チャント,花園,熱砂,"舞台地域: 太古の墓地
地域の空気: 密林奥の墓地遺構、苔むした石碑、崩れた祭壇、霧、巨木の根
場面: 誰かが毎朝、新しい果実を置いていく。 時間帯は夕暮れ。
追加の人物主題は指定しません。既存テーマに、この地域場面だけを重ねてください。",ゆうぐれの　こけの　いしだん / かげを　しまう / てのひらで　あたためる / こまかな　きずまで /  / わたしの　しごと / けした　あかりが / だれかを　すくうなら / くらい　うみでも / こわくは　ない /  / ふるい　まどから / かぜが　はいって / きのうの　ほこりを / そっと　はらう,public/prompts/vocal/21611A_苔の石段・夕暮れ.txt
21612B,21612,region,B,喧騒の闘技場,砂払いの午後・夕暮れ,ウード,チャント,宮廷,熱砂,"舞台地域: 喧騒の闘技場
地域の空気: 乾いた荒野の都市、歓声、砂埃、旗、控室、熱気、試合後の静けさ
場面: 砂を払う者だけが、勝者と敗者の足跡を見分ける。 時間帯は夕暮れ。
追加の人物主題は指定しません。既存テーマに、この地域場面だけを重ねてください。",ゆうぐれの　はらった　すな / こえを　まつ / かがみに　うつらない / わたしの　かおだけ /  / うたに　のこした / ならない　かねにも / まもれる　ものがある / しずけさの　なかで / ひとり　うなずく /  / ぬれた　ゆびさき / かわく　ころには / ことばの　かわりに / うたが　のこる,public/prompts/vocal/21612B_砂払いの午後・夕暮れ.txt
21613C,21613,region,C,緑の隠れ里,水路の薬草棚・夕暮れ,ウード,チャント,祝祭,熱砂,"舞台地域: 緑の隠れ里
地域の空気: 深い森、木道、水路、葉陰、精霊樹、薬草棚、静かな生活圏
場面: 薬師が苦い飴を冷ましている。 時間帯は夕暮れ。
追加の人物主題は指定しません。既存テーマに、この地域場面だけを重ねてください。",ゆうぐれの　くすりだなの　あめ / ゆめを　さます / しらない　ひとの / ちいさな　ために /  / はなを　ならべた / なまえを　しらずに / いのりを　おくる / みじかい　うたなら / とどく　きがした /  / よるが　きても / まだ　きこえる / あしたの　ほうへ / あるく　おと,public/prompts/vocal/21613C_水路の薬草棚・夕暮れ.txt
221111,22111,region,1,王都,王宮の朝番・雨上がり,リュート,マーチ,花園,星霊,"舞台地域: 王都
地域の空気: 王宮、大通り、石畳、鐘楼、広場、貴族の影、上品な喧騒
場面: 石畳に水を撒く若者が、祝祭の気配を誰より早く知る。 時間帯は雨上がり。
追加の人物主題は指定しません。既存テーマに、この地域場面だけを重ねてください。",あめあがりの　いしだたみの　みず / しずかに　みてる / しずかな　ろうそく / けさない　ままで /  / まどを　みていた / はずした　かめんを / たなに　もどして / ほんとの　かおへ / かぜを　いれる /  / ちいさな　しるしを / なくさないように / むねの　ちかくへ / そっと　しまう,public/prompts/vocal/221111_王宮の朝番・雨上がり.txt
221122,22112,region,2,辺境の村,滝道の見張り・雨上がり,リュート,マーチ,宮廷,星霊,"舞台地域: 辺境の村
地域の空気: 濃い緑、巨木、滝、木漏れ日、湿った空気、木橋、森主の気配
場面: 木橋の上で、濡れた足跡を数えている。 時間帯は雨上がり。
追加の人物主題は指定しません。既存テーマに、この地域場面だけを重ねてください。",あめあがりの　たきみちの　あしあと / あしもとで　なる / うみの　むこうへ / いかせない　ひを /  / ひとばん　かくした / さらさら　こぼれても / まだ　おわりじゃない / ちいさな　あしたを / このてで　なおす /  / だれかの　ためだけ / では　もう　なくて / わたしの　なかで / うたが　はじまる,public/prompts/vocal/221122_滝道の見張り・雨上がり.txt
221133,22113,region,3,迷宮,分岐路の呼び鈴・雨上がり,リュート,マーチ,祝祭,星霊,"舞台地域: 迷宮
地域の空気: 石造の入口、分岐路、濡れた壁、松明、遠い反響、帰れない気配
場面: 誰も鳴らさない呼び鈴が、分岐に置かれている。 時間帯は雨上がり。
追加の人物主題は指定しません。既存テーマに、この地域場面だけを重ねてください。",あめあがりの　よびすずの　かげ / ひかりを　うける / くつの　すみに　のこる / ちいさな　いろだけ /  / だれにも　いわない / ねむった　ほんから / ふるい　こえが / わたしの　うたへ / すこし　まざる /  / まどべの　かぜが / ページを　めくる / つぎの　ひかりへ / こえを　つなぐ,public/prompts/vocal/221133_分岐路の呼び鈴・雨上がり.txt
222114,22211,region,4,賢者の塔,講義室の空席・雨上がり,リュート,アンセム,花園,星霊,"舞台地域: 賢者の塔
地域の空気: 書庫、研究塔、学院、講義室、古い譜面、魔法実験、窓辺
場面: 誰も座らない席だけが、午後の日差しを受けている。 時間帯は雨上がり。
追加の人物主題は指定しません。既存テーマに、この地域場面だけを重ねてください。",あめあがりの　あいた　いす / かげを　しまう / まよわない　ふりで / ひだりへ　まがる /  / きみを　まもるため / みえない　きもちを / しろい　かみに / かけない　かわりに / うたへ　かえる /  / ふるい　まどから / かぜが　はいって / きのうの　ほこりを / そっと　はらう,public/prompts/vocal/222114_講義室の空席・雨上がり.txt
222125,22212,region,5,港町,干された帆の裏・雨上がり,リュート,アンセム,宮廷,星霊,"舞台地域: 港町
地域の空気: 帆、桟橋、潮風、市場、交易品、ロープ、魚籠、海面の反射
場面: 旅人が小さな地図を書き残す。 時間帯は雨上がり。
追加の人物主題は指定しません。既存テーマに、この地域場面だけを重ねてください。",あめあがりの　ほした　ほのうら / こえを　まつ / ひばちの　そばで / ただしい　おりめ /  / ゆびが　おぼえる / さけた　はたでも / まだ　かぜを　うける / だれも　いわない / つよさを　ぬう /  / ぬれた　ゆびさき / かわく　ころには / ことばの　かわりに / うたが　のこる,public/prompts/vocal/222125_干された帆の裏・雨上がり.txt
222136,22213,region,6,巨岩の要塞,峡谷の旗番・雨上がり,リュート,アンセム,祝祭,星霊,"舞台地域: 巨岩の要塞
地域の空気: 岩壁、石段、旗、縄橋、峡谷、砂埃、堅い門、見張り台
場面: 旗の裂け目で、明日の天気を読んでいる。 時間帯は雨上がり。
追加の人物主題は指定しません。既存テーマに、この地域場面だけを重ねてください。",あめあがりの　さけた　はた / ゆめを　さます / かわいた　ふくろを / むねに　しまって /  / すこし　あるいた / からっぽ　だから / すこし　かるくなる / あしたの　みずなら / まだ　さがせる /  / よるが　きても / まだ　きこえる / あしたの　ほうへ / あるく　おと,public/prompts/vocal/222136_峡谷の旗番・雨上がり.txt
225117,22511,region,7,静謐の聖堂,草地の聖歌・雨上がり,リュート,ノクターン,花園,熱砂,"舞台地域: 静謐の聖堂
地域の空気: 地方の聖域、牧歌的な田舎、草地、白い壁、素朴な祈り、羊の鈴
場面: 羊の鈴が、聖歌隊の練習より先に鳴る。 時間帯は雨上がり。
追加の人物主題は指定しません。既存テーマに、この地域場面だけを重ねてください。",あめあがりの　ひつじの　すず / しずかに　みてる / ぬいめの　したには / まけた　ひの　かぜ /  / まだ　のこってる / ちずには　ないけど / この　おりめだけ / わたしの　あしを / まえへ　うながす /  / ちいさな　しるしを / なくさないように / むねの　ちかくへ / そっと　しまう,public/prompts/vocal/225117_草地の聖歌・雨上がり.txt
225128,22512,region,8,真鍮の荒野,火鉢のある宿・雨上がり,リュート,ノクターン,宮廷,熱砂,"舞台地域: 真鍮の荒野
地域の空気: 真鍮色の岩、乾いた砂地、低い建物、布、火鉢、隊商、風除け
場面: 隊商の者たちが、嘘の故郷を語る。 時間帯は雨上がり。
追加の人物主題は指定しません。既存テーマに、この地域場面だけを重ねてください。",あめあがりの　ひばちの　ひ / あしもとで　なる / インクつぼの　そこを / そっと　のぞいた /  / かけない　ことば / うその　みちでも / こわくは　ないよ / きみが　かえるまで / あかりを　もつ /  / だれかの　ためだけ / では　もう　なくて / わたしの　なかで / うたが　はじまる,public/prompts/vocal/225128_火鉢のある宿・雨上がり.txt
225139,22513,region,9,忘れられた古城,古城の応接間・雨上がり,リュート,ノクターン,祝祭,熱砂,"舞台地域: 忘れられた古城
地域の空気: 寂れた城、落ちぶれた貴族、崩れたアーチ、蔦、埃、陰鬱な村
場面: 落ちぶれた貴族が、客のために茶を淹れる。 時間帯は雨上がり。
追加の人物主題は指定しません。既存テーマに、この地域場面だけを重ねてください。",あめあがりの　ちゃの　ゆげ / ひかりを　うける / ページの　あいだで / ねむった　こえが /  / ふいに　めをさます / よごれた　はなでも / かえりみちに　さく / なくした　こえまで / やさしく　ひろう /  / まどべの　かぜが / ページを　めくる / つぎの　ひかりへ / こえを　つなぐ,public/prompts/vocal/225139_古城の応接間・雨上がり.txt
22611A,22611,region,A,太古の墓地,苔の石段・雨上がり,リュート,チャント,花園,熱砂,"舞台地域: 太古の墓地
地域の空気: 密林奥の墓地遺構、苔むした石碑、崩れた祭壇、霧、巨木の根
場面: 誰かが毎朝、新しい果実を置いていく。 時間帯は雨上がり。
追加の人物主題は指定しません。既存テーマに、この地域場面だけを重ねてください。",あめあがりの　こけの　いしだん / かげを　しまう / てのひらで　あたためる / こまかな　きずまで /  / わたしの　しごと / けした　あかりが / だれかを　すくうなら / くらい　うみでも / こわくは　ない /  / ふるい　まどから / かぜが　はいって / きのうの　ほこりを / そっと　はらう,public/prompts/vocal/22611A_苔の石段・雨上がり.txt
22612B,22612,region,B,喧騒の闘技場,砂払いの午後・雨上がり,リュート,チャント,宮廷,熱砂,"舞台地域: 喧騒の闘技場
地域の空気: 乾いた荒野の都市、歓声、砂埃、旗、控室、熱気、試合後の静けさ
場面: 砂を払う者だけが、勝者と敗者の足跡を見分ける。 時間帯は雨上がり。
追加の人物主題は指定しません。既存テーマに、この地域場面だけを重ねてください。",あめあがりの　はらった　すな / こえを　まつ / かがみに　うつらない / わたしの　かおだけ /  / うたに　のこした / ならない　かねにも / まもれる　ものがある / しずけさの　なかで / ひとり　うなずく /  / ぬれた　ゆびさき / かわく　ころには / ことばの　かわりに / うたが　のこる,public/prompts/vocal/22612B_砂払いの午後・雨上がり.txt
22613C,22613,region,C,緑の隠れ里,水路の薬草棚・雨上がり,リュート,チャント,祝祭,熱砂,"舞台地域: 緑の隠れ里
地域の空気: 深い森、木道、水路、葉陰、精霊樹、薬草棚、静かな生活圏
場面: 薬師が苦い飴を冷ましている。 時間帯は雨上がり。
追加の人物主題は指定しません。既存テーマに、この地域場面だけを重ねてください。",あめあがりの　くすりだなの　あめ / ゆめを　さます / しらない　ひとの / ちいさな　ために /  / はなを　ならべた / なまえを　しらずに / いのりを　おくる / みじかい　うたなら / とどく　きがした /  / よるが　きても / まだ　きこえる / あしたの　ほうへ / あるく　おと,public/prompts/vocal/22613C_水路の薬草棚・雨上がり.txt
311111,31111,region,1,王都,王宮の朝番・風の日,カーヌーン,マーチ,月夜,薔薇,"舞台地域: 王都
地域の空気: 王宮、大通り、石畳、鐘楼、広場、貴族の影、上品な喧騒
場面: 石畳に水を撒く若者が、祝祭の気配を誰より早く知る。 時間帯は風の日。
追加の人物主題は指定しません。既存テーマに、この地域場面だけを重ねてください。",かぜのひの　いしだたみの　みず / しずかに　みてる / しずかな　ろうそく / けさない　ままで /  / まどを　みていた / はずした　かめんを / たなに　もどして / ほんとの　かおへ / かぜを　いれる /  / ちいさな　しるしを / なくさないように / むねの　ちかくへ / そっと　しまう,public/prompts/vocal/311111_王宮の朝番・風の日.txt
311122,31112,region,2,辺境の村,滝道の見張り・風の日,カーヌーン,マーチ,古代,薔薇,"舞台地域: 辺境の村
地域の空気: 濃い緑、巨木、滝、木漏れ日、湿った空気、木橋、森主の気配
場面: 木橋の上で、濡れた足跡を数えている。 時間帯は風の日。
追加の人物主題は指定しません。既存テーマに、この地域場面だけを重ねてください。",かぜのひの　たきみちの　あしあと / あしもとで　なる / うみの　むこうへ / いかせない　ひを /  / ひとばん　かくした / さらさら　こぼれても / まだ　おわりじゃない / ちいさな　あしたを / このてで　なおす /  / だれかの　ためだけ / では　もう　なくて / わたしの　なかで / うたが　はじまる,public/prompts/vocal/311122_滝道の見張り・風の日.txt
311133,31113,region,3,迷宮,分岐路の呼び鈴・風の日,カーヌーン,マーチ,幻影,薔薇,"舞台地域: 迷宮
地域の空気: 石造の入口、分岐路、濡れた壁、松明、遠い反響、帰れない気配
場面: 誰も鳴らさない呼び鈴が、分岐に置かれている。 時間帯は風の日。
追加の人物主題は指定しません。既存テーマに、この地域場面だけを重ねてください。",かぜのひの　よびすずの　かげ / ひかりを　うける / くつの　すみに　のこる / ちいさな　いろだけ /  / だれにも　いわない / ねむった　ほんから / ふるい　こえが / わたしの　うたへ / すこし　まざる /  / まどべの　かぜが / ページを　めくる / つぎの　ひかりへ / こえを　つなぐ,public/prompts/vocal/311133_分岐路の呼び鈴・風の日.txt
312114,31211,region,4,賢者の塔,講義室の空席・風の日,カーヌーン,アンセム,月夜,薔薇,"舞台地域: 賢者の塔
地域の空気: 書庫、研究塔、学院、講義室、古い譜面、魔法実験、窓辺
場面: 誰も座らない席だけが、午後の日差しを受けている。 時間帯は風の日。
追加の人物主題は指定しません。既存テーマに、この地域場面だけを重ねてください。",かぜのひの　あいた　いす / かげを　しまう / まよわない　ふりで / ひだりへ　まがる /  / きみを　まもるため / みえない　きもちを / しろい　かみに / かけない　かわりに / うたへ　かえる /  / ふるい　まどから / かぜが　はいって / きのうの　ほこりを / そっと　はらう,public/prompts/vocal/312114_講義室の空席・風の日.txt
312125,31212,region,5,港町,干された帆の裏・風の日,カーヌーン,アンセム,古代,薔薇,"舞台地域: 港町
地域の空気: 帆、桟橋、潮風、市場、交易品、ロープ、魚籠、海面の反射
場面: 旅人が小さな地図を書き残す。 時間帯は風の日。
追加の人物主題は指定しません。既存テーマに、この地域場面だけを重ねてください。",かぜのひの　ほした　ほのうら / こえを　まつ / ひばちの　そばで / ただしい　おりめ /  / ゆびが　おぼえる / さけた　はたでも / まだ　かぜを　うける / だれも　いわない / つよさを　ぬう /  / ぬれた　ゆびさき / かわく　ころには / ことばの　かわりに / うたが　のこる,public/prompts/vocal/312125_干された帆の裏・風の日.txt
312136,31213,region,6,巨岩の要塞,峡谷の旗番・風の日,カーヌーン,アンセム,幻影,薔薇,"舞台地域: 巨岩の要塞
地域の空気: 岩壁、石段、旗、縄橋、峡谷、砂埃、堅い門、見張り台
場面: 旗の裂け目で、明日の天気を読んでいる。 時間帯は風の日。
追加の人物主題は指定しません。既存テーマに、この地域場面だけを重ねてください。",かぜのひの　さけた　はた / ゆめを　さます / かわいた　ふくろを / むねに　しまって /  / すこし　あるいた / からっぽ　だから / すこし　かるくなる / あしたの　みずなら / まだ　さがせる /  / よるが　きても / まだ　きこえる / あしたの　ほうへ / あるく　おと,public/prompts/vocal/312136_峡谷の旗番・風の日.txt
313117,31311,region,7,静謐の聖堂,草地の聖歌・風の日,カーヌーン,ワルツ,月夜,熱砂,"舞台地域: 静謐の聖堂
地域の空気: 地方の聖域、牧歌的な田舎、草地、白い壁、素朴な祈り、羊の鈴
場面: 羊の鈴が、聖歌隊の練習より先に鳴る。 時間帯は風の日。
追加の人物主題は指定しません。既存テーマに、この地域場面だけを重ねてください。",かぜのひの　ひつじの　すず / しずかに　みてる / ぬいめの　したには / まけた　ひの　かぜ /  / まだ　のこってる / ちずには　ないけど / この　おりめだけ / わたしの　あしを / まえへ　うながす /  / ちいさな　しるしを / なくさないように / むねの　ちかくへ / そっと　しまう,public/prompts/vocal/313117_草地の聖歌・風の日.txt
313128,31312,region,8,真鍮の荒野,火鉢のある宿・風の日,カーヌーン,ワルツ,古代,熱砂,"舞台地域: 真鍮の荒野
地域の空気: 真鍮色の岩、乾いた砂地、低い建物、布、火鉢、隊商、風除け
場面: 隊商の者たちが、嘘の故郷を語る。 時間帯は風の日。
追加の人物主題は指定しません。既存テーマに、この地域場面だけを重ねてください。",かぜのひの　ひばちの　ひ / あしもとで　なる / インクつぼの　そこを / そっと　のぞいた /  / かけない　ことば / うその　みちでも / こわくは　ないよ / きみが　かえるまで / あかりを　もつ /  / だれかの　ためだけ / では　もう　なくて / わたしの　なかで / うたが　はじまる,public/prompts/vocal/313128_火鉢のある宿・風の日.txt
313139,31313,region,9,忘れられた古城,古城の応接間・風の日,カーヌーン,ワルツ,幻影,熱砂,"舞台地域: 忘れられた古城
地域の空気: 寂れた城、落ちぶれた貴族、崩れたアーチ、蔦、埃、陰鬱な村
場面: 落ちぶれた貴族が、客のために茶を淹れる。 時間帯は風の日。
追加の人物主題は指定しません。既存テーマに、この地域場面だけを重ねてください。",かぜのひの　ちゃの　ゆげ / ひかりを　うける / ページの　あいだで / ねむった　こえが /  / ふいに　めをさます / よごれた　はなでも / かえりみちに　さく / なくした　こえまで / やさしく　ひろう /  / まどべの　かぜが / ページを　めくる / つぎの　ひかりへ / こえを　つなぐ,public/prompts/vocal/313139_古城の応接間・風の日.txt
31411A,31411,region,A,太古の墓地,苔の石段・風の日,カーヌーン,タンゴ,月夜,熱砂,"舞台地域: 太古の墓地
地域の空気: 密林奥の墓地遺構、苔むした石碑、崩れた祭壇、霧、巨木の根
場面: 誰かが毎朝、新しい果実を置いていく。 時間帯は風の日。
追加の人物主題は指定しません。既存テーマに、この地域場面だけを重ねてください。",かぜのひの　こけの　いしだん / かげを　しまう / てのひらで　あたためる / こまかな　きずまで /  / わたしの　しごと / けした　あかりが / だれかを　すくうなら / くらい　うみでも / こわくは　ない /  / ふるい　まどから / かぜが　はいって / きのうの　ほこりを / そっと　はらう,public/prompts/vocal/31411A_苔の石段・風の日.txt
31412B,31412,region,B,喧騒の闘技場,砂払いの午後・風の日,カーヌーン,タンゴ,古代,熱砂,"舞台地域: 喧騒の闘技場
地域の空気: 乾いた荒野の都市、歓声、砂埃、旗、控室、熱気、試合後の静けさ
場面: 砂を払う者だけが、勝者と敗者の足跡を見分ける。 時間帯は風の日。
追加の人物主題は指定しません。既存テーマに、この地域場面だけを重ねてください。",かぜのひの　はらった　すな / こえを　まつ / かがみに　うつらない / わたしの　かおだけ /  / うたに　のこした / ならない　かねにも / まもれる　ものがある / しずけさの　なかで / ひとり　うなずく /  / ぬれた　ゆびさき / かわく　ころには / ことばの　かわりに / うたが　のこる,public/prompts/vocal/31412B_砂払いの午後・風の日.txt
31413C,31413,region,C,緑の隠れ里,水路の薬草棚・風の日,カーヌーン,タンゴ,幻影,熱砂,"舞台地域: 緑の隠れ里
地域の空気: 深い森、木道、水路、葉陰、精霊樹、薬草棚、静かな生活圏
場面: 薬師が苦い飴を冷ましている。 時間帯は風の日。
追加の人物主題は指定しません。既存テーマに、この地域場面だけを重ねてください。",かぜのひの　くすりだなの　あめ / ゆめを　さます / しらない　ひとの / ちいさな　ために /  / はなを　ならべた / なまえを　しらずに / いのりを　おくる / みじかい　うたなら / とどく　きがした /  / よるが　きても / まだ　きこえる / あしたの　ほうへ / あるく　おと,public/prompts/vocal/31413C_水路の薬草棚・風の日.txt
321111,32111,region,1,王都,王宮の朝番・祭りのあと,サントゥール,マーチ,月夜,薔薇,"舞台地域: 王都
地域の空気: 王宮、大通り、石畳、鐘楼、広場、貴族の影、上品な喧騒
場面: 石畳に水を撒く若者が、祝祭の気配を誰より早く知る。 時間帯は祭りのあと。
追加の人物主題は指定しません。既存テーマに、この地域場面だけを重ねてください。",まつりあとの　いしだたみの　みず / しずかに　みてる / しずかな　ろうそく / けさない　ままで /  / まどを　みていた / はずした　かめんを / たなに　もどして / ほんとの　かおへ / かぜを　いれる /  / ちいさな　しるしを / なくさないように / むねの　ちかくへ / そっと　しまう,public/prompts/vocal/321111_王宮の朝番・祭りのあと.txt
321122,32112,region,2,辺境の村,滝道の見張り・祭りのあと,サントゥール,マーチ,古代,薔薇,"舞台地域: 辺境の村
地域の空気: 濃い緑、巨木、滝、木漏れ日、湿った空気、木橋、森主の気配
場面: 木橋の上で、濡れた足跡を数えている。 時間帯は祭りのあと。
追加の人物主題は指定しません。既存テーマに、この地域場面だけを重ねてください。",まつりあとの　たきみちの　あしあと / あしもとで　なる / うみの　むこうへ / いかせない　ひを /  / ひとばん　かくした / さらさら　こぼれても / まだ　おわりじゃない / ちいさな　あしたを / このてで　なおす /  / だれかの　ためだけ / では　もう　なくて / わたしの　なかで / うたが　はじまる,public/prompts/vocal/321122_滝道の見張り・祭りのあと.txt
321133,32113,region,3,迷宮,分岐路の呼び鈴・祭りのあと,サントゥール,マーチ,幻影,薔薇,"舞台地域: 迷宮
地域の空気: 石造の入口、分岐路、濡れた壁、松明、遠い反響、帰れない気配
場面: 誰も鳴らさない呼び鈴が、分岐に置かれている。 時間帯は祭りのあと。
追加の人物主題は指定しません。既存テーマに、この地域場面だけを重ねてください。",まつりあとの　よびすずの　かげ / ひかりを　うける / くつの　すみに　のこる / ちいさな　いろだけ /  / だれにも　いわない / ねむった　ほんから / ふるい　こえが / わたしの　うたへ / すこし　まざる /  / まどべの　かぜが / ページを　めくる / つぎの　ひかりへ / こえを　つなぐ,public/prompts/vocal/321133_分岐路の呼び鈴・祭りのあと.txt
322114,32211,region,4,賢者の塔,講義室の空席・祭りのあと,サントゥール,アンセム,月夜,薔薇,"舞台地域: 賢者の塔
地域の空気: 書庫、研究塔、学院、講義室、古い譜面、魔法実験、窓辺
場面: 誰も座らない席だけが、午後の日差しを受けている。 時間帯は祭りのあと。
追加の人物主題は指定しません。既存テーマに、この地域場面だけを重ねてください。",まつりあとの　あいた　いす / かげを　しまう / まよわない　ふりで / ひだりへ　まがる /  / きみを　まもるため / みえない　きもちを / しろい　かみに / かけない　かわりに / うたへ　かえる /  / ふるい　まどから / かぜが　はいって / きのうの　ほこりを / そっと　はらう,public/prompts/vocal/322114_講義室の空席・祭りのあと.txt
322125,32212,region,5,港町,干された帆の裏・祭りのあと,サントゥール,アンセム,古代,薔薇,"舞台地域: 港町
地域の空気: 帆、桟橋、潮風、市場、交易品、ロープ、魚籠、海面の反射
場面: 旅人が小さな地図を書き残す。 時間帯は祭りのあと。
追加の人物主題は指定しません。既存テーマに、この地域場面だけを重ねてください。",まつりあとの　ほした　ほのうら / こえを　まつ / ひばちの　そばで / ただしい　おりめ /  / ゆびが　おぼえる / さけた　はたでも / まだ　かぜを　うける / だれも　いわない / つよさを　ぬう /  / ぬれた　ゆびさき / かわく　ころには / ことばの　かわりに / うたが　のこる,public/prompts/vocal/322125_干された帆の裏・祭りのあと.txt
322136,32213,region,6,巨岩の要塞,峡谷の旗番・祭りのあと,サントゥール,アンセム,幻影,薔薇,"舞台地域: 巨岩の要塞
地域の空気: 岩壁、石段、旗、縄橋、峡谷、砂埃、堅い門、見張り台
場面: 旗の裂け目で、明日の天気を読んでいる。 時間帯は祭りのあと。
追加の人物主題は指定しません。既存テーマに、この地域場面だけを重ねてください。",まつりあとの　さけた　はた / ゆめを　さます / かわいた　ふくろを / むねに　しまって /  / すこし　あるいた / からっぽ　だから / すこし　かるくなる / あしたの　みずなら / まだ　さがせる /  / よるが　きても / まだ　きこえる / あしたの　ほうへ / あるく　おと,public/prompts/vocal/322136_峡谷の旗番・祭りのあと.txt
323117,32311,region,7,静謐の聖堂,草地の聖歌・祭りのあと,サントゥール,ワルツ,月夜,熱砂,"舞台地域: 静謐の聖堂
地域の空気: 地方の聖域、牧歌的な田舎、草地、白い壁、素朴な祈り、羊の鈴
場面: 羊の鈴が、聖歌隊の練習より先に鳴る。 時間帯は祭りのあと。
追加の人物主題は指定しません。既存テーマに、この地域場面だけを重ねてください。",まつりあとの　ひつじの　すず / しずかに　みてる / ぬいめの　したには / まけた　ひの　かぜ /  / まだ　のこってる / ちずには　ないけど / この　おりめだけ / わたしの　あしを / まえへ　うながす /  / ちいさな　しるしを / なくさないように / むねの　ちかくへ / そっと　しまう,public/prompts/vocal/323117_草地の聖歌・祭りのあと.txt
323128,32312,region,8,真鍮の荒野,火鉢のある宿・祭りのあと,サントゥール,ワルツ,古代,熱砂,"舞台地域: 真鍮の荒野
地域の空気: 真鍮色の岩、乾いた砂地、低い建物、布、火鉢、隊商、風除け
場面: 隊商の者たちが、嘘の故郷を語る。 時間帯は祭りのあと。
追加の人物主題は指定しません。既存テーマに、この地域場面だけを重ねてください。",まつりあとの　ひばちの　ひ / あしもとで　なる / インクつぼの　そこを / そっと　のぞいた /  / かけない　ことば / うその　みちでも / こわくは　ないよ / きみが　かえるまで / あかりを　もつ /  / だれかの　ためだけ / では　もう　なくて / わたしの　なかで / うたが　はじまる,public/prompts/vocal/323128_火鉢のある宿・祭りのあと.txt
323139,32313,region,9,忘れられた古城,古城の応接間・祭りのあと,サントゥール,ワルツ,幻影,熱砂,"舞台地域: 忘れられた古城
地域の空気: 寂れた城、落ちぶれた貴族、崩れたアーチ、蔦、埃、陰鬱な村
場面: 落ちぶれた貴族が、客のために茶を淹れる。 時間帯は祭りのあと。
追加の人物主題は指定しません。既存テーマに、この地域場面だけを重ねてください。",まつりあとの　ちゃの　ゆげ / ひかりを　うける / ページの　あいだで / ねむった　こえが /  / ふいに　めをさます / よごれた　はなでも / かえりみちに　さく / なくした　こえまで / やさしく　ひろう /  / まどべの　かぜが / ページを　めくる / つぎの　ひかりへ / こえを　つなぐ,public/prompts/vocal/323139_古城の応接間・祭りのあと.txt
32411A,32411,region,A,太古の墓地,苔の石段・祭りのあと,サントゥール,タンゴ,月夜,熱砂,"舞台地域: 太古の墓地
地域の空気: 密林奥の墓地遺構、苔むした石碑、崩れた祭壇、霧、巨木の根
場面: 誰かが毎朝、新しい果実を置いていく。 時間帯は祭りのあと。
追加の人物主題は指定しません。既存テーマに、この地域場面だけを重ねてください。",まつりあとの　こけの　いしだん / かげを　しまう / てのひらで　あたためる / こまかな　きずまで /  / わたしの　しごと / けした　あかりが / だれかを　すくうなら / くらい　うみでも / こわくは　ない /  / ふるい　まどから / かぜが　はいって / きのうの　ほこりを / そっと　はらう,public/prompts/vocal/32411A_苔の石段・祭りのあと.txt
32412B,32412,region,B,喧騒の闘技場,砂払いの午後・祭りのあと,サントゥール,タンゴ,古代,熱砂,"舞台地域: 喧騒の闘技場
地域の空気: 乾いた荒野の都市、歓声、砂埃、旗、控室、熱気、試合後の静けさ
場面: 砂を払う者だけが、勝者と敗者の足跡を見分ける。 時間帯は祭りのあと。
追加の人物主題は指定しません。既存テーマに、この地域場面だけを重ねてください。",まつりあとの　はらった　すな / こえを　まつ / かがみに　うつらない / わたしの　かおだけ /  / うたに　のこした / ならない　かねにも / まもれる　ものがある / しずけさの　なかで / ひとり　うなずく /  / ぬれた　ゆびさき / かわく　ころには / ことばの　かわりに / うたが　のこる,public/prompts/vocal/32412B_砂払いの午後・祭りのあと.txt
32413C,32413,region,C,緑の隠れ里,水路の薬草棚・祭りのあと,サントゥール,タンゴ,幻影,熱砂,"舞台地域: 緑の隠れ里
地域の空気: 深い森、木道、水路、葉陰、精霊樹、薬草棚、静かな生活圏
場面: 薬師が苦い飴を冷ましている。 時間帯は祭りのあと。
追加の人物主題は指定しません。既存テーマに、この地域場面だけを重ねてください。",まつりあとの　くすりだなの　あめ / ゆめを　さます / しらない　ひとの / ちいさな　ために /  / はなを　ならべた / なまえを　しらずに / いのりを　おくる / みじかい　うたなら / とどく　きがした /  / よるが　きても / まだ　きこえる / あしたの　ほうへ / あるく　おと,public/prompts/vocal/32413C_水路の薬草棚・祭りのあと.txt
